Source;Target;Combined;Inserts;Deletes
krbový;‎krbového;INS(‎)krbovDEL(ý)INS(ého);INS(‎),INS(ého);DEL(ý)
automatizovat;automatizovalo bych;automatizovaDEL(t)INS(l)INS(o)INS( )INS(b)INS(y)INS(c)INS(h);INS(l),INS(o),INS( ),INS(b),INS(y),INS(c),INS(h);DEL(t)
obrazný;obrazný;obrazný;;
pasovat;byla by pasovala;INS(b)INS(y)INS(l)INS(a)INS( )INS(b)INS(y)INS( )pasovINS(a)INS(l)aDEL(t);INS(b),INS(y),INS(l),INS(a),INS( ),INS(b),INS(y),INS( ),INS(a),INS(l);DEL(t)
fotografovat;fotografovali;fotografovaDEL(t)INS(l)INS(i);INS(l),INS(i);DEL(t)
tisící;tisícím;tisícíINS(m);INS(m);
kodifikovat;bylo by kodifikovalo;INS(b)INS(y)INS(l)INS(o)INS( )INS(b)INS(y)INS( )kodifikovaDEL(t)INS(l)INS(o);INS(b),INS(y),INS(l),INS(o),INS( ),INS(b),INS(y),INS( ),INS(l),INS(o);DEL(t)
duchaplnost;duchaplnosti;duchaplnostINS(i);INS(i);
biblický;biblické;biblickDEL(ý)INS(é);INS(é);DEL(ý)
fotografovat;fotografujte;fotografDEL(ov)DEL(a)INS(u)INS(j)tINS(e);INS(u),INS(j),INS(e);DEL(ov),DEL(a)
mytologický;mytologické;mytologickDEL(ý)INS(é);INS(é);DEL(ý)
korigovat;korigována;korigovINS(á)INS(n)aDEL(t);INS(á),INS(n);DEL(t)
fotka;fotka;fotka;;
protinflační;protinflační;protinflační;;
Němec;Němce;NěmDEL(e)cINS(e);INS(e);DEL(e)
článek;články;článDEL(e)kINS(y);INS(y);DEL(e)
aktualizovaný;aktualizovanému;aktualizovanDEL(ý)INS(é)INS(mu);INS(é),INS(mu);DEL(ý)
palačinka;palačinkám;palačinkDEL(a)INS(á)INS(m);INS(á),INS(m);DEL(a)
molární;molarnímu;molDEL(á)INS(a)rníINS(m)INS(u);INS(a),INS(m),INS(u);DEL(á)
oběd;obědy;obědINS(y);INS(y);
zádumčivý;zádumčivou;zádumčivDEL(ý)INS(o)INS(u);INS(o),INS(u);DEL(ý)
želvovinový;želvovinovém;želvovinovDEL(ý)INS(é)INS(m);INS(é),INS(m);DEL(ý)
orientovat;byla bych orientovala;INS(b)INS(y)INS(l)INS(a)INS( )INS(b)INS(y)INS(c)INS(h)INS( )orientovINS(a)INS(l)aDEL(t);INS(b),INS(y),INS(l),INS(a),INS( ),INS(b),INS(y),INS(c),INS(h),INS( ),INS(a),INS(l);DEL(t)
řečnický;řečnickému;řečnickDEL(ý)INS(é)INS(mu);INS(é),INS(mu);DEL(ý)
číst;budeš číst;INS(b)INS(u)INS(d)INS(e)INS(š)INS( )číst;INS(b),INS(u),INS(d),INS(e),INS(š),INS( );
deska;desek;desINS(e)kDEL(a);INS(e);DEL(a)
papír;papírech;papírINS(e)INS(c)INS(h);INS(e),INS(c),INS(h);
myslet;myslíš;myslDEL(e)DEL(t)INS(í)INS(š);INS(í),INS(š);DEL(e),DEL(t)
šumivý;šumivé;šumivDEL(ý)INS(é);INS(é);DEL(ý)
rytmický;rytmickou;rytmickDEL(ý)INS(o)INS(u);INS(o),INS(u);DEL(ý)
fichtovský;fichtovského;fichtovskDEL(ý)INS(ého);INS(ého);DEL(ý)
kompostovat;kompostována;kompostovINS(á)INS(n)aDEL(t);INS(á),INS(n);DEL(t)
pizda;pizdy;pizdDEL(a)INS(y);INS(y);DEL(a)
následovat;bylo bych následovalo;INS(b)INS(y)INS(l)INS(o)INS( )INS(b)INS(y)INS(c)INS(h)INS( )následovaDEL(t)INS(l)INS(o);INS(b),INS(y),INS(l),INS(o),INS( ),INS(b),INS(y),INS(c),INS(h),INS( ),INS(l),INS(o);DEL(t)
hmotnost;hmotnosti;hmotnostINS(i);INS(i);
podlézavý;podlézavému;podlézavDEL(ý)INS(é)INS(mu);INS(é),INS(mu);DEL(ý)
smyslový;‎smysloví;INS(‎)smyslovDEL(ý)INS(í);INS(‎),INS(í);DEL(ý)
součást;součást;součást;;
čepice;čepicemi;čepiceINS(mi);INS(mi);
nepříjemný;nepříjemní;nepříjemnDEL(ý)INS(í);INS(í);DEL(ý)
řasa;řase;řasDEL(a)INS(e);INS(e);DEL(a)
paliativní;‎paliativní;INS(‎)paliativní;INS(‎);
blogovat;bloguji;blogDEL(ovat)INS(u)INS(j)INS(i);INS(u),INS(j),INS(i);DEL(ovat)
tětiva;tětivách;tětivDEL(a)INS(á)INS(c)INS(h);INS(á),INS(c),INS(h);DEL(a)
povidla;povidla;povidla;;
kupovat;kupovány;kupovDEL(a)DEL(t)INS(á)INS(n)INS(y);INS(á),INS(n),INS(y);DEL(a),DEL(t)
žehlička;žehličce;žehličDEL(k)DEL(a)INS(c)INS(e);INS(c),INS(e);DEL(k),DEL(a)
židovský;židovským;židovskýINS(m);INS(m);
hravý;hravý;hravý;;
prostředek;prostředkem;prostředDEL(e)kINS(e)INS(m);INS(e),INS(m);DEL(e)
pot;potů;potINS(ů);INS(ů);
pokrevní;pokrevního;pokrevníINS(h)INS(o);INS(h),INS(o);
nejkrušnější;nejkrušnější;nejkrušnější;;
depresivní;depresivní;depresivní;;
hudebník;hudebníkem;hudebníkINS(e)INS(m);INS(e),INS(m);
huspenitý;huspenité;huspenitDEL(ý)INS(é);INS(é);DEL(ý)
kafrat;kafrány;kafrDEL(a)DEL(t)INS(á)INS(n)INS(y);INS(á),INS(n),INS(y);DEL(a),DEL(t)
stornovat;stornovalo by;stornovaDEL(t)INS(l)INS(o)INS( )INS(b)INS(y);INS(l),INS(o),INS( ),INS(b),INS(y);DEL(t)
pečovat;byly by pečovaly;INS(b)INS(y)INS(l)INS(y)INS( )INS(b)INS(y)INS( )pečovaDEL(t)INS(ly);INS(b),INS(y),INS(l),INS(y),INS( ),INS(b),INS(y),INS( ),INS(ly);DEL(t)
písmolijec;písmolijci;písmolijDEL(e)cINS(i);INS(i);DEL(e)
odhodlaný;odhlodlané;odhINS(l)odlanDEL(ý)INS(é);INS(l),INS(é);DEL(ý)
masakrovat;masakrovala jsi;masakrovaDEL(t)INS(l)INS(a)INS( )INS(j)INS(s)INS(i);INS(l),INS(a),INS( ),INS(j),INS(s),INS(i);DEL(t)
kuře;kuřatech;kuřINS(a)INS(t)eINS(c)INS(h);INS(a),INS(t),INS(c),INS(h);
recepce;recepcemi;recepceINS(mi);INS(mi);
bezbožný;bezbožný;bezbožný;;
zahrnovat;budu zahrnovat;INS(b)INS(u)INS(d)INS(u)INS( )zahrnovat;INS(b),INS(u),INS(d),INS(u),INS( );
stříbro;stříbru;stříbrDEL(o)INS(u);INS(u);DEL(o)
pečovat;pečovali by;pečovaDEL(t)INS(l)INS(i)INS( )INS(b)INS(y);INS(l),INS(i),INS( ),INS(b),INS(y);DEL(t)
asketický;asketickými;asketickýINS(mi);INS(mi);
aerodynamický;aerodynamická;aerodynamickDEL(ý)INS(á);INS(á);DEL(ý)
společenský;společenské;společenskDEL(ý)INS(é);INS(é);DEL(ý)
demokratický;demokratického;demokratickDEL(ý)INS(ého);INS(ého);DEL(ý)
malicherný;malicherná;malichernDEL(ý)INS(á);INS(á);DEL(ý)
kalibrovat;kalibrována;kalibrovINS(á)INS(n)aDEL(t);INS(á),INS(n);DEL(t)
hasičský;hasičská;hasičskDEL(ý)INS(á);INS(á);DEL(ý)
líný;línými;línýINS(mi);INS(mi);
afroamerický;afroamerickém;afroamerickDEL(ý)INS(é)INS(m);INS(é),INS(m);DEL(ý)
miláček;miláčka;miláčDEL(e)kINS(a);INS(a);DEL(e)
velryba;velryb;velrybDEL(a);;DEL(a)
lednový;lednové;lednovDEL(ý)INS(é);INS(é);DEL(ý)
loutka;loutky;loutkDEL(a)INS(y);INS(y);DEL(a)
foldovat;foldoval jste;foldovaINS(l)INS( )INS(j)INS(s)tINS(e);INS(l),INS( ),INS(j),INS(s),INS(e);
perlorodka;perlorodka;perlorodka;;
psychosomatický;psychosomatické;psychosomatickDEL(ý)INS(é);INS(é);DEL(ý)
poslanec;poslanec;poslanec;;
svědek;svědkovi;svědDEL(e)kINS(o)INS(v)INS(i);INS(o),INS(v),INS(i);DEL(e)
nářeční;nářečními;nářečníINS(mi);INS(mi);
kur;kurové;kurINS(o)INS(v)INS(é);INS(o),INS(v),INS(é);
raněný;raněným;raněnýINS(m);INS(m);
dostatečný;dostatečnému;dostatečnDEL(ý)INS(é)INS(mu);INS(é),INS(mu);DEL(ý)
destilovat;destilovalo bych;destilovaDEL(t)INS(l)INS(o)INS( )INS(b)INS(y)INS(c)INS(h);INS(l),INS(o),INS( ),INS(b),INS(y),INS(c),INS(h);DEL(t)
pohlednice;pohlednice;pohlednice;;
kovadlina;kovadlinou;kovadlinDEL(a)INS(o)INS(u);INS(o),INS(u);DEL(a)
prasátko;prasátka;prasátkDEL(o)INS(a);INS(a);DEL(o)
snový;snového;snovDEL(ý)INS(ého);INS(ého);DEL(ý)
usnadnit;usnadnili;usnadnINS(i)INS(l)iDEL(t);INS(i),INS(l);DEL(t)
souběžný;souběžným;souběžnýINS(m);INS(m);
městský;městské;městskDEL(ý)INS(é);INS(é);DEL(ý)
nový;nové;novDEL(ý)INS(é);INS(é);DEL(ý)
pořadač;pořadačům;pořadačINS(ů)INS(m);INS(ů),INS(m);
posmrtný;posmrtnému;posmrtnDEL(ý)INS(é)INS(mu);INS(é),INS(mu);DEL(ý)
intuitivní;intuitivní;intuitivní;;
honit;honil;honiDEL(t)INS(l);INS(l);DEL(t)
neopakovatelný;neopakovatelný;neopakovatelný;;
povaha;povahu;povahDEL(a)INS(u);INS(u);DEL(a)
tabuizovat;tabuizovavše;tabuizovaDEL(t)INS(v)INS(š)INS(e);INS(v),INS(š),INS(e);DEL(t)
losovat;losujte;losDEL(ov)DEL(a)INS(u)INS(j)tINS(e);INS(u),INS(j),INS(e);DEL(ov),DEL(a)
rýžový;rýžové;rýžovDEL(ý)INS(é);INS(é);DEL(ý)
znepokojený;znepokojené;znepokojenDEL(ý)INS(é);INS(é);DEL(ý)
alžbětinský;alžbětinská;alžbětinskDEL(ý)INS(á);INS(á);DEL(ý)
fotografie;fotografií;fotografiDEL(e)INS(í);INS(í);DEL(e)
stvol;stvoly;stvolINS(y);INS(y);
obdivovat;obdivovala jste;obdivovaINS(l)INS(a)INS( )INS(j)INS(s)tINS(e);INS(l),INS(a),INS( ),INS(j),INS(s),INS(e);
defragmentovat;byli bychom defragmentovali;INS(b)INS(y)INS(l)INS(i)INS( )INS(b)INS(y)INS(c)INS(h)INS(o)INS(m)INS( )defragmentovaDEL(t)INS(l)INS(i);INS(b),INS(y),INS(l),INS(i),INS( ),INS(b),INS(y),INS(c),INS(h),INS(o),INS(m),INS( ),INS(l),INS(i);DEL(t)
sedmikráska;sedmikrásky;sedmikráskDEL(a)INS(y);INS(y);DEL(a)
pár;páry;párINS(y);INS(y);
malík;malíky;malíkINS(y);INS(y);
afghánský;afghánské;afghánskDEL(ý)INS(é);INS(é);DEL(ý)
ekonomický;ekonomické;ekonomickDEL(ý)INS(é);INS(é);DEL(ý)
topič;topičů;topičINS(ů);INS(ů);
etnický;etnický;etnický;;
slavnost;slavnosti;slavnostINS(i);INS(i);
apendicitida;apendicitidy;apendicitidDEL(a)INS(y);INS(y);DEL(a)
ušlechtilý;ušlechtilé;ušlechtilDEL(ý)INS(é);INS(é);DEL(ý)
jeskyně;jeskyně;jeskyně;;
bezbožný;bezbožný;bezbožný;;
klávesnice;klávesnicím;klávesnicDEL(e)INS(í)INS(m);INS(í),INS(m);DEL(e)
absolvovat;absolvovány;absolvovDEL(a)DEL(t)INS(á)INS(n)INS(y);INS(á),INS(n),INS(y);DEL(a),DEL(t)
běžný;běžní;běžnDEL(ý)INS(í);INS(í);DEL(ý)
příliv;přílive;přílivINS(e);INS(e);
deprimovat;bylo bych deprimovalo;INS(b)INS(y)INS(l)INS(o)INS( )INS(b)INS(y)INS(c)INS(h)INS( )deprimovaDEL(t)INS(l)INS(o);INS(b),INS(y),INS(l),INS(o),INS( ),INS(b),INS(y),INS(c),INS(h),INS( ),INS(l),INS(o);DEL(t)
emigrovat;emigrovalo byste;emigrovaINS(l)INS(o)INS( )INS(b)INS(y)INS(s)tINS(e);INS(l),INS(o),INS( ),INS(b),INS(y),INS(s),INS(e);
slavnost;slavnosti;slavnostINS(i);INS(i);
sardinka;sardinek;sardinINS(e)kDEL(a);INS(e);DEL(a)
francouzský;francouzské;francouzskDEL(ý)INS(é);INS(é);DEL(ý)
žebřík;žebříku;žebříkINS(u);INS(u);
vrtošivý;vrtošivé;vrtošivDEL(ý)INS(é);INS(é);DEL(ý)
datovat;budu datovat;INS(b)INS(u)INS(d)INS(u)INS( )datovat;INS(b),INS(u),INS(d),INS(u),INS( );
koukat;koukala bys;koukaDEL(t)INS(l)INS(a)INS( )INS(b)INS(y)INS(s);INS(l),INS(a),INS( ),INS(b),INS(y),INS(s);DEL(t)
oblíbený;oblíbené;oblíbenDEL(ý)INS(é);INS(é);DEL(ý)
akord;akordům;akordINS(ů)INS(m);INS(ů),INS(m);
konverzovat;konverzovali jsme;konverzovaDEL(t)INS(l)INS(i)INS( )INS(j)INS(s)INS(m)INS(e);INS(l),INS(i),INS( ),INS(j),INS(s),INS(m),INS(e);DEL(t)
rasista;rasistové;rasistDEL(a)INS(o)INS(v)INS(é);INS(o),INS(v),INS(é);DEL(a)
rukavice;rukavici;rukavicDEL(e)INS(i);INS(i);DEL(e)
dláto;dlát;dlátDEL(o);;DEL(o)
glazura;glazuře;glazuDEL(r)DEL(a)INS(ř)INS(e);INS(ř),INS(e);DEL(r),DEL(a)
výrazný;výrazné;výraznDEL(ý)INS(é);INS(é);DEL(ý)
bolest;bolestmi;bolestINS(mi);INS(mi);
domek;domku;domDEL(e)kINS(u);INS(u);DEL(e)
chrochtat;chrochtejme;chrochDEL(t)DEL(a)tINS(e)INS(j)INS(m)INS(e);INS(e),INS(j),INS(m),INS(e);DEL(t),DEL(a)
vyrážka;vyrážky;vyrážkDEL(a)INS(y);INS(y);DEL(a)
hřeben;hřebeny;hřebenINS(y);INS(y);
artikulovat;bylo bys artikulovalo;INS(b)INS(y)INS(l)INS(o)INS( )INS(b)INS(y)INS(s)INS( )artikulovaDEL(t)INS(l)INS(o);INS(b),INS(y),INS(l),INS(o),INS( ),INS(b),INS(y),INS(s),INS( ),INS(l),INS(o);DEL(t)
mravenec;mravencích;mravenDEL(e)cINS(í)INS(c)INS(h);INS(í),INS(c),INS(h);DEL(e)
stupňovat;stupňovala;stupňovINS(a)INS(l)aDEL(t);INS(a),INS(l);DEL(t)
andělský;andělský;andělský;;
oxidovat;oxidovala;oxidovINS(a)INS(l)aDEL(t);INS(a),INS(l);DEL(t)
krystalizovat;byl byste krystalizoval;INS(b)INS(y)INS(l)INS( )INS(b)INS(y)INS(s)INS(t)INS(e)INS( )krystalizovaDEL(t)INS(l);INS(b),INS(y),INS(l),INS( ),INS(b),INS(y),INS(s),INS(t),INS(e),INS( ),INS(l);DEL(t)
protéovský;protéovské;protéovskDEL(ý)INS(é);INS(é);DEL(ý)
oproštěný;oproštěného;oproštěnDEL(ý)INS(ého);INS(ého);DEL(ý)
diferencovatelný;diferencovatelném;diferencovatelnDEL(ý)INS(é)INS(m);INS(é),INS(m);DEL(ý)
nedostatečný;nedostatečný;nedostatečný;;
reraisovat;reraisujte;reraisDEL(ov)DEL(a)INS(u)INS(j)tINS(e);INS(u),INS(j),INS(e);DEL(ov),DEL(a)
napodobovat;napodobovalo bys;napodobovaDEL(t)INS(l)INS(o)INS( )INS(b)INS(y)INS(s);INS(l),INS(o),INS( ),INS(b),INS(y),INS(s);DEL(t)
šovinistický;šovinistické;šovinistickDEL(ý)INS(é);INS(é);DEL(ý)
beránek;beráncích;beránDEL(e)DEL(k)INS(c)INS(í)INS(c)INS(h);INS(c),INS(í),INS(c),INS(h);DEL(e),DEL(k)
politička;političky;političkDEL(a)INS(y);INS(y);DEL(a)
nádoba;nádob;nádobDEL(a);;DEL(a)
Litevec;Litevci;LitevDEL(e)cINS(i);INS(i);DEL(e)
odpovědnost;odpovědnostem;odpovědnostINS(e)INS(m);INS(e),INS(m);
student;studenti;studentINS(i);INS(i);
euro;eura;eurDEL(o)INS(a);INS(a);DEL(o)
globulární;globulární;globulární;;
nízkorozpočtový;nízkorozpočtové;nízkorozpočtovDEL(ý)INS(é);INS(é);DEL(ý)
intuitivní;intuitivními;intuitivníINS(mi);INS(mi);
akanský;akanské;akanskDEL(ý)INS(é);INS(é);DEL(ý)
letovat;letoval by;letovaDEL(t)INS(l)INS( )INS(b)INS(y);INS(l),INS( ),INS(b),INS(y);DEL(t)
emigrovat;emigrován;emigrovDEL(a)DEL(t)INS(á)INS(n);INS(á),INS(n);DEL(a),DEL(t)
baskický;baskické;baskickDEL(ý)INS(é);INS(é);DEL(ý)
linoleum;linoleem;linoleDEL(u)INS(e)m;INS(e);DEL(u)
zahrnovat;byla by zahrnovala;INS(b)INS(y)INS(l)INS(a)INS( )INS(b)INS(y)INS( )zahrnovINS(a)INS(l)aDEL(t);INS(b),INS(y),INS(l),INS(a),INS( ),INS(b),INS(y),INS( ),INS(a),INS(l);DEL(t)
obhajovat;obhajoval by;obhajovaDEL(t)INS(l)INS( )INS(b)INS(y);INS(l),INS( ),INS(b),INS(y);DEL(t)
letecký;leteckému;leteckDEL(ý)INS(é)INS(mu);INS(é),INS(mu);DEL(ý)
komický;komická;komickDEL(ý)INS(á);INS(á);DEL(ý)
atomový;atomovému;atomovDEL(ý)INS(é)INS(mu);INS(é),INS(mu);DEL(ý)
něžný;něžného;něžnDEL(ý)INS(ého);INS(ého);DEL(ý)
kopírovat;kopírují;kopírDEL(ovat)INS(u)INS(j)INS(í);INS(u),INS(j),INS(í);DEL(ovat)
plena;plena;plena;;
nedočkavost;nedočkavosti;nedočkavostINS(i);INS(i);
žehlička;žehličkami;žehličkaINS(mi);INS(mi);
sebehodnocení;sebehodnocení;sebehodnocení;;
lis;lisy;lisINS(y);INS(y);
delegovat;byly bychom delegovaly;INS(b)INS(y)INS(l)INS(y)INS( )INS(b)INS(y)INS(c)INS(h)INS(o)INS(m)INS( )delegovaDEL(t)INS(ly);INS(b),INS(y),INS(l),INS(y),INS( ),INS(b),INS(y),INS(c),INS(h),INS(o),INS(m),INS( ),INS(ly);DEL(t)
zátka;zátek;zátINS(e)kDEL(a);INS(e);DEL(a)
hákovat;hákovaly jsme;hákovaDEL(t)INS(l)INS(y)INS( )INS(j)INS(s)INS(m)INS(e);INS(l),INS(y),INS( ),INS(j),INS(s),INS(m),INS(e);DEL(t)
činnost;činností;činnostINS(í);INS(í);
funkce;funkci;funkcDEL(e)INS(i);INS(i);DEL(e)
omáčka;omáčkami;omáčkaINS(mi);INS(mi);
fyziologie;fyziologii;fyziologiDEL(e)INS(i);INS(i);DEL(e)
denní;denní;denní;;
synchronní;synchronní;synchronní;;
modální;modálním;modálníINS(m);INS(m);
cigoš;cigošové;cigošINS(o)INS(v)INS(é);INS(o),INS(v),INS(é);
lokuční;lokučních;lokučníINS(c)INS(h);INS(c),INS(h);
nitrobuněčný;nitrobuněčná;nitrobuněčnDEL(ý)INS(á);INS(á);DEL(ý)
pěstovat;byli bychom pěstovali;INS(b)INS(y)INS(l)INS(i)INS( )INS(b)INS(y)INS(c)INS(h)INS(o)INS(m)INS( )pěstovaDEL(t)INS(l)INS(i);INS(b),INS(y),INS(l),INS(i),INS( ),INS(b),INS(y),INS(c),INS(h),INS(o),INS(m),INS( ),INS(l),INS(i);DEL(t)
pozorný;pozorného;pozornDEL(ý)INS(ého);INS(ého);DEL(ý)
bezcenný;bezcenné;bezcennDEL(ý)INS(é);INS(é);DEL(ý)
fenomenální;fenomenálnímu;fenomenálníINS(m)INS(u);INS(m),INS(u);
blogovat;blogujete;blogDEL(ov)DEL(a)INS(u)INS(j)INS(e)tINS(e);INS(u),INS(j),INS(e),INS(e);DEL(ov),DEL(a)
výkupné;výkupného;výkupnéINS(h)INS(o);INS(h),INS(o);
izomerie;izomerie;izomerie;;
perivaskulární;perivaskulárního;perivaskulárníINS(h)INS(o);INS(h),INS(o);
společný;společný;společný;;
přísný;přísného;přísnDEL(ý)INS(ého);INS(ého);DEL(ý)
baculatý;baculatým;baculatýINS(m);INS(m);
archaický;archaičtí;archaiDEL(c)DEL(ký)INS(č)INS(t)INS(í);INS(č),INS(t),INS(í);DEL(c),DEL(ký)
záznamník;záznamníky;záznamníkINS(y);INS(y);
sport;sporty;sportINS(y);INS(y);
chodidlo;chodidlo;chodidlo;;
komentovat;bude komentovat;INS(b)INS(u)INS(d)INS(e)INS( )komentovat;INS(b),INS(u),INS(d),INS(e),INS( );
neziskový;neziskové;neziskovDEL(ý)INS(é);INS(é);DEL(ý)
bombardovat;bombardovala;bombardovINS(a)INS(l)aDEL(t);INS(a),INS(l);DEL(t)
plyn;plynem;plynINS(e)INS(m);INS(e),INS(m);
bábovička;bábovičkou;bábovičkDEL(a)INS(o)INS(u);INS(o),INS(u);DEL(a)
neposkvrněný;neposkvrněným;neposkvrněnýINS(m);INS(m);
negativ;negativu;negativINS(u);INS(u);
žánr;žánru;žánrINS(u);INS(u);
zárodečný;zárodečné;zárodečnDEL(ý)INS(é);INS(é);DEL(ý)
lapidární;lapidární;lapidární;;
čepice;čepice;čepice;;
znepokojovat;znepokojující;znepokojDEL(ovat)INS(u)INS(j)INS(í)INS(c)INS(í);INS(u),INS(j),INS(í),INS(c),INS(í);DEL(ovat)
kostka;kostko;kostkDEL(a)INS(o);INS(o);DEL(a)
výslovný;výslovné;výslovnDEL(ý)INS(é);INS(é);DEL(ý)
identický;identického;identickDEL(ý)INS(ého);INS(ého);DEL(ý)
analyzovat;budou analyzovat;INS(b)INS(u)INS(d)INS(o)INS(u)INS( )analyzovat;INS(b),INS(u),INS(d),INS(o),INS(u),INS( );
neléčený;neléčený;neléčený;;
musit;musili;musINS(i)INS(l)iDEL(t);INS(i),INS(l);DEL(t)
zrak;zraku;zrakINS(u);INS(u);
kritizovat;kritizování;kritizovDEL(a)DEL(t)INS(á)INS(n)INS(í);INS(á),INS(n),INS(í);DEL(a),DEL(t)
mastný;mastnému;mastnDEL(ý)INS(é)INS(mu);INS(é),INS(mu);DEL(ý)
blatník;blatníku;blatníkINS(u);INS(u);
tematický;tematické;tematickDEL(ý)INS(é);INS(é);DEL(ý)
odbíhat;odbíhaly by;odbíhaDEL(t)INS(l)INS(y)INS( )INS(b)INS(y);INS(l),INS(y),INS( ),INS(b),INS(y);DEL(t)
bičovat;bičovala by;bičovaDEL(t)INS(l)INS(a)INS( )INS(b)INS(y);INS(l),INS(a),INS( ),INS(b),INS(y);DEL(t)
kristadelfián;kristadelfiánové;kristadelfiánINS(o)INS(v)INS(é);INS(o),INS(v),INS(é);
travnatý;travnatá;travnatDEL(ý)INS(á);INS(á);DEL(ý)
volavka;volavky;volavkDEL(a)INS(y);INS(y);DEL(a)
zženštilý;zženštilých;zženštilýINS(c)INS(h);INS(c),INS(h);
kapilára;kapilárám;kapilárDEL(a)INS(á)INS(m);INS(á),INS(m);DEL(a)
turecký;turecké;tureckDEL(ý)INS(é);INS(é);DEL(ý)
příležitostný;příležitostná;příležitostnDEL(ý)INS(á);INS(á);DEL(ý)
poetický;poetické;poetickDEL(ý)INS(é);INS(é);DEL(ý)
osobitý;osobitém;osobitDEL(ý)INS(é)INS(m);INS(é),INS(m);DEL(ý)
hrudní;hrudní;hrudní;;
buddhista;buddhisto;buddhistDEL(a)INS(o);INS(o);DEL(a)
idealizovat;idealizovav;idealizovaDEL(t)INS(v);INS(v);DEL(t)
herečka;herečkou;herečkDEL(a)INS(o)INS(u);INS(o),INS(u);DEL(a)
sladký;sladká;sladkDEL(ý)INS(á);INS(á);DEL(ý)
loňský;loňského;loňskDEL(ý)INS(ého);INS(ého);DEL(ý)
indexovat;indexovalo jste;indexovaINS(l)INS(o)INS( )INS(j)INS(s)tINS(e);INS(l),INS(o),INS( ),INS(j),INS(s),INS(e);
belgický;belgických;belgickýINS(c)INS(h);INS(c),INS(h);
neziskovka;neziskovek;neziskovINS(e)kDEL(a);INS(e);DEL(a)
rozhodnutelný;rozhodnutelného;rozhodnutelnDEL(ý)INS(ého);INS(ého);DEL(ý)
loket;loktem;lokDEL(e)tINS(e)INS(m);INS(e),INS(m);DEL(e)
parkovat;parkujíc;parkDEL(ovat)INS(u)INS(j)INS(í)INS(c);INS(u),INS(j),INS(í),INS(c);DEL(ovat)
benzín;benzíny;benzínINS(y);INS(y);
peníz;peníze;penízINS(e);INS(e);
střecha;střecho;střechDEL(a)INS(o);INS(o);DEL(a)
šizuňk;šizuňku;šizuňkINS(u);INS(u);
řezník;řezníky;řezníkINS(y);INS(y);
polednice;polednicím;polednicDEL(e)INS(í)INS(m);INS(í),INS(m);DEL(e)
antický;antičtí;antiDEL(c)DEL(ký)INS(č)INS(t)INS(í);INS(č),INS(t),INS(í);DEL(c),DEL(ký)
přítomnost;přítomnosti;přítomnostINS(i);INS(i);
marka;marky;markDEL(a)INS(y);INS(y);DEL(a)
špendlík;špendlíkům;špendlíkINS(ů)INS(m);INS(ů),INS(m);
věnovat;byli bychom věnovali;INS(b)INS(y)INS(l)INS(i)INS( )INS(b)INS(y)INS(c)INS(h)INS(o)INS(m)INS( )věnovaDEL(t)INS(l)INS(i);INS(b),INS(y),INS(l),INS(i),INS( ),INS(b),INS(y),INS(c),INS(h),INS(o),INS(m),INS( ),INS(l),INS(i);DEL(t)
řiť;řiť;řiť;;
memorovat;memorovány;memorovDEL(a)DEL(t)INS(á)INS(n)INS(y);INS(á),INS(n),INS(y);DEL(a),DEL(t)
znát;znala bych;znDEL(á)DEL(t)INS(a)INS(l)INS(a)INS( )INS(b)INS(y)INS(c)INS(h);INS(a),INS(l),INS(a),INS( ),INS(b),INS(y),INS(c),INS(h);DEL(á),DEL(t)
erodovat;erodovaly bychom;erodovaDEL(t)INS(l)INS(y)INS( )INS(b)INS(y)INS(c)INS(h)INS(o)INS(m);INS(l),INS(y),INS( ),INS(b),INS(y),INS(c),INS(h),INS(o),INS(m);DEL(t)
definovat;bylo bys definovalo;INS(b)INS(y)INS(l)INS(o)INS( )INS(b)INS(y)INS(s)INS( )definovaDEL(t)INS(l)INS(o);INS(b),INS(y),INS(l),INS(o),INS( ),INS(b),INS(y),INS(s),INS( ),INS(l),INS(o);DEL(t)
symbolický;symbolické;symbolickDEL(ý)INS(é);INS(é);DEL(ý)
všední;všední;všední;;
rýmovat;rýmovali byste;rýmovaINS(l)INS(i)INS( )INS(b)INS(y)INS(s)tINS(e);INS(l),INS(i),INS( ),INS(b),INS(y),INS(s),INS(e);
chvástat;byly by chvástaly;INS(b)INS(y)INS(l)INS(y)INS( )INS(b)INS(y)INS( )chvástaDEL(t)INS(ly);INS(b),INS(y),INS(l),INS(y),INS( ),INS(b),INS(y),INS( ),INS(ly);DEL(t)
litovat;litovala jste;litovaINS(l)INS(a)INS( )INS(j)INS(s)tINS(e);INS(l),INS(a),INS( ),INS(j),INS(s),INS(e);
slabika;slabik;slabikDEL(a);;DEL(a)
chuj;chuje;chujINS(e);INS(e);
listovat;listovalo by;listovaDEL(t)INS(l)INS(o)INS( )INS(b)INS(y);INS(l),INS(o),INS( ),INS(b),INS(y);DEL(t)
očkovat;byla bych očkovala;INS(b)INS(y)INS(l)INS(a)INS( )INS(b)INS(y)INS(c)INS(h)INS( )očkovINS(a)INS(l)aDEL(t);INS(b),INS(y),INS(l),INS(a),INS( ),INS(b),INS(y),INS(c),INS(h),INS( ),INS(a),INS(l);DEL(t)
aklimatizovat;byly bychom aklimatizovaly;INS(b)INS(y)INS(l)INS(y)INS( )INS(b)INS(y)INS(c)INS(h)INS(o)INS(m)INS( )aklimatizovaDEL(t)INS(ly);INS(b),INS(y),INS(l),INS(y),INS( ),INS(b),INS(y),INS(c),INS(h),INS(o),INS(m),INS( ),INS(ly);DEL(t)
bobr;bobru;bobrINS(u);INS(u);
holub;holubem;holubINS(e)INS(m);INS(e),INS(m);
sekat;sekali jste;sekaINS(l)INS(i)INS( )INS(j)INS(s)tINS(e);INS(l),INS(i),INS( ),INS(j),INS(s),INS(e);
přetížený;‎přetíženými;INS(‎)přetíženýINS(mi);INS(‎),INS(mi);
nedočkavost;nedočkavost;nedočkavost;;
pochybnost;pochybnosti;pochybnostINS(i);INS(i);
svět;světy;světINS(y);INS(y);
převodovka;převodovka;převodovka;;
dát;daly;dDEL(á)DEL(t)INS(a)INS(l)INS(y);INS(a),INS(l),INS(y);DEL(á),DEL(t)
diktovat;důvěřovalo;dDEL(i)DEL(kt)INS(ů)INS(v)INS(ě)INS(ř)ovaDEL(t)INS(l)INS(o);INS(ů),INS(v),INS(ě),INS(ř),INS(l),INS(o);DEL(i),DEL(kt),DEL(t)
algoritmický;algoritmické;algoritmickDEL(ý)INS(é);INS(é);DEL(ý)
psát;psali;psDEL(á)DEL(t)INS(a)INS(l)INS(i);INS(a),INS(l),INS(i);DEL(á),DEL(t)
fyziologický;fyziologickou;fyziologickDEL(ý)INS(o)INS(u);INS(o),INS(u);DEL(ý)
marka;markami;markaINS(mi);INS(mi);
odstraňovat;budete odstraňovat;INS(b)INS(u)INS(d)INS(e)INS(t)INS(e)INS( )odstraňovat;INS(b),INS(u),INS(d),INS(e),INS(t),INS(e),INS( );
účtovat;byl bych účtoval;INS(b)INS(y)INS(l)INS( )INS(b)INS(y)INS(c)INS(h)INS( )účtovaDEL(t)INS(l);INS(b),INS(y),INS(l),INS( ),INS(b),INS(y),INS(c),INS(h),INS( ),INS(l);DEL(t)
senzitivní;senzitivních;senzitivníINS(c)INS(h);INS(c),INS(h);
přesycený;přesycené;přesycenDEL(ý)INS(é);INS(é);DEL(ý)
řečnický;řečnická;řečnickDEL(ý)INS(á);INS(á);DEL(ý)
krovka;krovky;krovkDEL(a)INS(y);INS(y);DEL(a)
skrýt;skryjí;skrDEL(ý)DEL(t)INS(y)INS(j)INS(í);INS(y),INS(j),INS(í);DEL(ý),DEL(t)
melancholie;melancholii;melancholiDEL(e)INS(i);INS(i);DEL(e)
autonomní;autonomní;autonomní;;
hyena;hyeny;hyenDEL(a)INS(y);INS(y);DEL(a)
implantovat;implantovali byste;implantovaINS(l)INS(i)INS( )INS(b)INS(y)INS(s)tINS(e);INS(l),INS(i),INS( ),INS(b),INS(y),INS(s),INS(e);
vyděrač;vyděrače;vyděračINS(e);INS(e);
paroh;parohů;parohINS(ů);INS(ů);
šilhavý;šilhavé;šilhavDEL(ý)INS(é);INS(é);DEL(ý)
dělat;budete dělat;INS(b)INS(u)INS(d)INS(e)INS(t)INS(e)INS( )dělat;INS(b),INS(u),INS(d),INS(e),INS(t),INS(e),INS( );
samičí;samičích;samičíINS(c)INS(h);INS(c),INS(h);
paní;paní;paní;;
dabovat;dabovali by;dabovaDEL(t)INS(l)INS(i)INS( )INS(b)INS(y);INS(l),INS(i),INS( ),INS(b),INS(y);DEL(t)
memorovat;byli byste memorovali;INS(b)INS(y)INS(l)INS(i)INS( )INS(b)INS(y)INS(s)INS(t)INS(e)INS( )memorovaDEL(t)INS(l)INS(i);INS(b),INS(y),INS(l),INS(i),INS( ),INS(b),INS(y),INS(s),INS(t),INS(e),INS( ),INS(l),INS(i);DEL(t)
vejce;vejce;vejce;;
chemička;chemičku;chemičkDEL(a)INS(u);INS(u);DEL(a)
pochodovat;orientovala bych;DEL(p)oINS(r)INS(i)INS(e)INS(n)INS(t)INS(o)INS(v)INS(a)INS(l)INS(a)INS( )INS(b)INS(y)chDEL(o)DEL(d)DEL(o)DEL(v)DEL(a)DEL(t);INS(r),INS(i),INS(e),INS(n),INS(t),INS(o),INS(v),INS(a),INS(l),INS(a),INS( ),INS(b),INS(y);DEL(p),DEL(o),DEL(d),DEL(o),DEL(v),DEL(a),DEL(t)
smlouva;smlouvy;smlouvDEL(a)INS(y);INS(y);DEL(a)
slupka;slupkami;slupkaINS(mi);INS(mi);
tektonický;tektonický;tektonický;;
exotický;exotickém;exotickDEL(ý)INS(é)INS(m);INS(é),INS(m);DEL(ý)
sovětský;sovětských;sovětskýINS(c)INS(h);INS(c),INS(h);
termín;termínu;termínINS(u);INS(u);
doktor;doktoři;doktoDEL(r)INS(ř)INS(i);INS(ř),INS(i);DEL(r)
mandlový;mandlové;mandlovDEL(ý)INS(é);INS(é);DEL(ý)
jméno;jméno;jméno;;
flek;fleky;flekINS(y);INS(y);
krystalizovat;byli by krystalizovali;INS(b)INS(y)INS(l)INS(i)INS( )INS(b)INS(y)INS( )krystalizovaDEL(t)INS(l)INS(i);INS(b),INS(y),INS(l),INS(i),INS( ),INS(b),INS(y),INS( ),INS(l),INS(i);DEL(t)
maďarský;maďarského;maďarskDEL(ý)INS(ého);INS(ého);DEL(ý)
spalovat;spalovala byste;spalovaINS(l)INS(a)INS( )INS(b)INS(y)INS(s)tINS(e);INS(l),INS(a),INS( ),INS(b),INS(y),INS(s),INS(e);
restartovat;restartovaly jste;restartovaINS(l)INS(y)INS( )INS(j)INS(s)tINS(e);INS(l),INS(y),INS( ),INS(j),INS(s),INS(e);
světoznámý;světoznámá;světoznámDEL(ý)INS(á);INS(á);DEL(ý)
obědvat;byla bychom obědvala;INS(b)INS(y)INS(l)INS(a)INS( )INS(b)INS(y)INS(c)INS(h)INS(o)INS(m)INS( )obědvINS(a)INS(l)aDEL(t);INS(b),INS(y),INS(l),INS(a),INS( ),INS(b),INS(y),INS(c),INS(h),INS(o),INS(m),INS( ),INS(a),INS(l);DEL(t)
mohutný;mohutným;mohutnýINS(m);INS(m);
vdova;vdově;vdovDEL(a)INS(ě);INS(ě);DEL(a)
mytologický;mytologického;mytologickDEL(ý)INS(ého);INS(ého);DEL(ý)
bezcenný;bezcenném;bezcennDEL(ý)INS(é)INS(m);INS(é),INS(m);DEL(ý)
deštivý;deštivých;deštivýINS(c)INS(h);INS(c),INS(h);
delegovat;byly by delegovaly;INS(b)INS(y)INS(l)INS(y)INS( )INS(b)INS(y)INS( )delegovaDEL(t)INS(ly);INS(b),INS(y),INS(l),INS(y),INS( ),INS(b),INS(y),INS( ),INS(ly);DEL(t)
odpovídat;byli byste odpovídali;INS(b)INS(y)INS(l)INS(i)INS( )INS(b)INS(y)INS(s)INS(t)INS(e)INS( )odpovídaDEL(t)INS(l)INS(i);INS(b),INS(y),INS(l),INS(i),INS( ),INS(b),INS(y),INS(s),INS(t),INS(e),INS( ),INS(l),INS(i);DEL(t)
turecký;tureckých;tureckýINS(c)INS(h);INS(c),INS(h);
diktovat;důvěřovali;dDEL(i)DEL(kt)INS(ů)INS(v)INS(ě)INS(ř)ovaDEL(t)INS(l)INS(i);INS(ů),INS(v),INS(ě),INS(ř),INS(l),INS(i);DEL(i),DEL(kt),DEL(t)
mazat;mazali;mazaDEL(t)INS(l)INS(i);INS(l),INS(i);DEL(t)
očumovat;očumovalo;očumovaDEL(t)INS(l)INS(o);INS(l),INS(o);DEL(t)
droždí;droždí;droždí;;
dráždivý;dráždivý;dráždivý;;
nevidomý;nevidomé;nevidomDEL(ý)INS(é);INS(é);DEL(ý)
starost;starostí;starostINS(í);INS(í);
kakat;kakavši;kakaDEL(t)INS(v)INS(š)INS(i);INS(v),INS(š),INS(i);DEL(t)
sdílený;sdíleným;sdílenýINS(m);INS(m);
aplikovat;aplikovala byste;aplikovaINS(l)INS(a)INS( )INS(b)INS(y)INS(s)tINS(e);INS(l),INS(a),INS( ),INS(b),INS(y),INS(s),INS(e);
americký;americkými;americkýINS(mi);INS(mi);
aklimatizovat;aklimatizujme;aklimatizDEL(ovat)INS(u)INS(j)INS(m)INS(e);INS(u),INS(j),INS(m),INS(e);DEL(ovat)
ohnivý;ohnivé;ohnivDEL(ý)INS(é);INS(é);DEL(ý)
simulovat;simulovalo byste;simulovaINS(l)INS(o)INS( )INS(b)INS(y)INS(s)tINS(e);INS(l),INS(o),INS( ),INS(b),INS(y),INS(s),INS(e);
kopat;kopala bych;kopaDEL(t)INS(l)INS(a)INS( )INS(b)INS(y)INS(c)INS(h);INS(l),INS(a),INS( ),INS(b),INS(y),INS(c),INS(h);DEL(t)
přechytračit;is;DEL(p)DEL(ř)DEL(e)DEL(c)DEL(h)DEL(y)DEL(t)DEL(r)DEL(a)DEL(č)iDEL(t)INS(s);INS(s);DEL(p),DEL(ř),DEL(e),DEL(c),DEL(h),DEL(y),DEL(t),DEL(r),DEL(a),DEL(č),DEL(t)
očekávat;očekávala jste;očekávaINS(l)INS(a)INS( )INS(j)INS(s)tINS(e);INS(l),INS(a),INS( ),INS(j),INS(s),INS(e);
mechanický;mechanickým;mechanickýINS(m);INS(m);
blafovat;blafovalo;blafovaDEL(t)INS(l)INS(o);INS(l),INS(o);DEL(t)
virus;viru;viruDEL(s);;DEL(s)
hypotetický;hypotetického;hypotetickDEL(ý)INS(ého);INS(ého);DEL(ý)
hlíza;hlízách;hlízDEL(a)INS(á)INS(c)INS(h);INS(á),INS(c),INS(h);DEL(a)
štoudev;štoudvím;štoudDEL(e)vINS(í)INS(m);INS(í),INS(m);DEL(e)
červenec;července;červenDEL(e)cINS(e);INS(e);DEL(e)
cukr;cukrem;cukrINS(e)INS(m);INS(e),INS(m);
sportovec;sportovcům;sportovDEL(e)cINS(ů)INS(m);INS(ů),INS(m);DEL(e)
sukně;sukní;suknDEL(ě)INS(í);INS(í);DEL(ě)
divák;divákům;divákINS(ů)INS(m);INS(ů),INS(m);
aktivovat;aktivovaly;aktivovaDEL(t)INS(ly);INS(ly);DEL(t)
věrný;věrnému;věrnDEL(ý)INS(é)INS(mu);INS(é),INS(mu);DEL(ý)
symetrický;symetrická;symetrickDEL(ý)INS(á);INS(á);DEL(ý)
hodný;hodnému;hodnDEL(ý)INS(é)INS(mu);INS(é),INS(mu);DEL(ý)
bezcelní;bezcelního;bezcelníINS(h)INS(o);INS(h),INS(o);
místnost;místností;místnostINS(í);INS(í);
morbidní;morbidního;morbidníINS(h)INS(o);INS(h),INS(o);
kra;kry;krDEL(a)INS(y);INS(y);DEL(a)
opalovat;byla byste opalovala;INS(b)INS(y)INS(l)INS(a)INS( )INS(b)INS(y)INS(s)INS(t)INS(e)INS( )opalovINS(a)INS(l)aDEL(t);INS(b),INS(y),INS(l),INS(a),INS( ),INS(b),INS(y),INS(s),INS(t),INS(e),INS( ),INS(a),INS(l);DEL(t)
vzbuzovat;vzbuzuje;vzbuzDEL(ovat)INS(u)INS(j)INS(e);INS(u),INS(j),INS(e);DEL(ovat)
zběžný;zběžné;zběžnDEL(ý)INS(é);INS(é);DEL(ý)
mys;mysech;mysINS(e)INS(c)INS(h);INS(e),INS(c),INS(h);
obřadný;obřadná;obřadnDEL(ý)INS(á);INS(á);DEL(ý)
usnadnit;usnadnil jsem;usnadniDEL(t)INS(l)INS( )INS(j)INS(s)INS(e)INS(m);INS(l),INS( ),INS(j),INS(s),INS(e),INS(m);DEL(t)
mýval;mýval;mýval;;
nářeční;nářečního;nářečníINS(h)INS(o);INS(h),INS(o);
útočný;útočné;útočnDEL(ý)INS(é);INS(é);DEL(ý)
spekulace;spekulace;spekulace;;
tabuizovat;tabuizován;tabuizovDEL(a)DEL(t)INS(á)INS(n);INS(á),INS(n);DEL(a),DEL(t)
šeroslepý;šeroslepé;šeroslepDEL(ý)INS(é);INS(é);DEL(ý)
notorický;notorického;notorickDEL(ý)INS(ého);INS(ého);DEL(ý)
avivážní;avivážního;avivážníINS(h)INS(o);INS(h),INS(o);
isomorfní;‎isomorfní;INS(‎)isomorfní;INS(‎);
sublimovat;sublimují;sublimDEL(ovat)INS(u)INS(j)INS(í);INS(u),INS(j),INS(í);DEL(ovat)
foldovat;foldujeme;foldDEL(ovat)INS(u)INS(j)INS(e)INS(m)INS(e);INS(u),INS(j),INS(e),INS(m),INS(e);DEL(ovat)
automatizovat;automatizovala jste;automatizovaINS(l)INS(a)INS( )INS(j)INS(s)tINS(e);INS(l),INS(a),INS( ),INS(j),INS(s),INS(e);
různorodý;různorodých;různorodýINS(c)INS(h);INS(c),INS(h);
astmatický;astmatické;astmatickDEL(ý)INS(é);INS(é);DEL(ý)
poloměr;poloměry;poloměrINS(y);INS(y);
reprodukovatelný;reprodukovatelné;reprodukovatelnDEL(ý)INS(é);INS(é);DEL(ý)
hostit;hostíte;hostDEL(i)INS(í)tINS(e);INS(í),INS(e);DEL(i)
těžký;těžkým;těžkýINS(m);INS(m);
nostalgický;nostalgická;nostalgickDEL(ý)INS(á);INS(á);DEL(ý)
radiometrie;radiometrie;radiometrie;;
sojový;sojové;sojovDEL(ý)INS(é);INS(é);DEL(ý)
čvachtat;čvachtal bys;čvachtaDEL(t)INS(l)INS( )INS(b)INS(y)INS(s);INS(l),INS( ),INS(b),INS(y),INS(s);DEL(t)
tráva;trávy;trávDEL(a)INS(y);INS(y);DEL(a)
bourat;bourám;bourDEL(a)DEL(t)INS(á)INS(m);INS(á),INS(m);DEL(a),DEL(t)
skladba;skladby;skladbDEL(a)INS(y);INS(y);DEL(a)
furiant;furiant;furiant;;
kolaborovat;kolaborovali jsme;kolaborovaDEL(t)INS(l)INS(i)INS( )INS(j)INS(s)INS(m)INS(e);INS(l),INS(i),INS( ),INS(j),INS(s),INS(m),INS(e);DEL(t)
rozkoukat;byli by rozkoukali;INS(b)INS(y)INS(l)INS(i)INS( )INS(b)INS(y)INS( )rozkoukaDEL(t)INS(l)INS(i);INS(b),INS(y),INS(l),INS(i),INS( ),INS(b),INS(y),INS( ),INS(l),INS(i);DEL(t)
žábry;žábry;žábry;;
kousat;kousalo jste;kousaINS(l)INS(o)INS( )INS(j)INS(s)tINS(e);INS(l),INS(o),INS( ),INS(j),INS(s),INS(e);
lyžovat;byli byste lyžovali;INS(b)INS(y)INS(l)INS(i)INS( )INS(b)INS(y)INS(s)INS(t)INS(e)INS( )lyžovaDEL(t)INS(l)INS(i);INS(b),INS(y),INS(l),INS(i),INS( ),INS(b),INS(y),INS(s),INS(t),INS(e),INS( ),INS(l),INS(i);DEL(t)
dobrosrdečný;dobrosrdečným;dobrosrdečnýINS(m);INS(m);
vůně;vůně;vůně;;
hák;háků;hákINS(ů);INS(ů);
specifický;specifického;specifickDEL(ý)INS(ého);INS(ého);DEL(ý)
bolestínský;bolestínská;bolestínskDEL(ý)INS(á);INS(á);DEL(ý)
plátek;plátcích;plátDEL(e)DEL(k)INS(c)INS(í)INS(c)INS(h);INS(c),INS(í),INS(c),INS(h);DEL(e),DEL(k)
analyzovat;analyzovala;analyzovINS(a)INS(l)aDEL(t);INS(a),INS(l);DEL(t)
kabelka;kabelce;kabelDEL(k)DEL(a)INS(c)INS(e);INS(c),INS(e);DEL(k),DEL(a)
plytký;plytkém;plytkDEL(ý)INS(é)INS(m);INS(é),INS(m);DEL(ý)
minimalizovat;budu minimalizovat;INS(b)INS(u)INS(d)INS(u)INS( )minimalizovat;INS(b),INS(u),INS(d),INS(u),INS( );
kandidovat;kandidovalo;kandidovaDEL(t)INS(l)INS(o);INS(l),INS(o);DEL(t)
příčný;příčného;příčnDEL(ý)INS(ého);INS(ého);DEL(ý)
zahrnovat;zahrnující;zahrnDEL(ovat)INS(u)INS(j)INS(í)INS(c)INS(í);INS(u),INS(j),INS(í),INS(c),INS(í);DEL(ovat)
silnice;silnic;silnicDEL(e);;DEL(e)
slyšitelný;slyšitelnému;slyšitelnDEL(ý)INS(é)INS(mu);INS(é),INS(mu);DEL(ý)
psychogenní;psychogenním;psychogenníINS(m);INS(m);
cenový;cenové;cenovDEL(ý)INS(é);INS(é);DEL(ý)
darovat;byl bys daroval;INS(b)INS(y)INS(l)INS( )INS(b)INS(y)INS(s)INS( )darovaDEL(t)INS(l);INS(b),INS(y),INS(l),INS( ),INS(b),INS(y),INS(s),INS( ),INS(l);DEL(t)
podlézavý;podlézavé;podlézavDEL(ý)INS(é);INS(é);DEL(ý)
pražský;pražská;pražskDEL(ý)INS(á);INS(á);DEL(ý)
odvážný;odvážné;odvážnDEL(ý)INS(é);INS(é);DEL(ý)
jedlý;jedlé;jedlDEL(ý)INS(é);INS(é);DEL(ý)
tvárný;tvárnými;tvárnýINS(mi);INS(mi);
plukovník;plukovník;plukovník;;
kotovat;kotovalo jsi;kotovaDEL(t)INS(l)INS(o)INS( )INS(j)INS(s)INS(i);INS(l),INS(o),INS( ),INS(j),INS(s),INS(i);DEL(t)
smolný;smolný;smolný;;
předškolní;předškolní;předškolní;;
zpitý;zpité;zpitDEL(ý)INS(é);INS(é);DEL(ý)
úmyslný;úmyslné;úmyslnDEL(ý)INS(é);INS(é);DEL(ý)
krevní;krevní;krevní;;
neposkvrněný;neposkvrněného;neposkvrněnDEL(ý)INS(ého);INS(ého);DEL(ý)
somatoformní;somatoformní;somatoformní;;
kuronský;kuronského;kuronskDEL(ý)INS(ého);INS(ého);DEL(ý)
veslovat;veslovalo jsi;veslovaDEL(t)INS(l)INS(o)INS( )INS(j)INS(s)INS(i);INS(l),INS(o),INS( ),INS(j),INS(s),INS(i);DEL(t)
analyzovat;analyzovala;analyzovINS(a)INS(l)aDEL(t);INS(a),INS(l);DEL(t)
klokan;klokanovi;klokanINS(o)INS(v)INS(i);INS(o),INS(v),INS(i);
koukat;byl by koukal;INS(b)INS(y)INS(l)INS( )INS(b)INS(y)INS( )koukaDEL(t)INS(l);INS(b),INS(y),INS(l),INS( ),INS(b),INS(y),INS( ),INS(l);DEL(t)
dálnice;dálnice;dálnice;;
diskutovat;diskutujíce;diskuDEL(t)DEL(ova)tINS(u)INS(j)INS(í)INS(c)INS(e);INS(u),INS(j),INS(í),INS(c),INS(e);DEL(t),DEL(ova)
asketický;asketickým;asketickýINS(m);INS(m);
interpolovat;interpolovali jsme;interpolovaDEL(t)INS(l)INS(i)INS( )INS(j)INS(s)INS(m)INS(e);INS(l),INS(i),INS( ),INS(j),INS(s),INS(m),INS(e);DEL(t)
minimalizovat;minimalizujte;minimalizDEL(ov)DEL(a)INS(u)INS(j)tINS(e);INS(u),INS(j),INS(e);DEL(ov),DEL(a)
hrudní;hrudním;hrudníINS(m);INS(m);
svačina;svačiny;svačinDEL(a)INS(y);INS(y);DEL(a)
tloušťka;tloušťkám;tloušťkDEL(a)INS(á)INS(m);INS(á),INS(m);DEL(a)
lžíce;lžíce;lžíce;;
pročíst;pročtouc;pročDEL(í)DEL(s)tINS(o)INS(u)INS(c);INS(o),INS(u),INS(c);DEL(í),DEL(s)
sublimovat;sublimuji;sublimDEL(ovat)INS(u)INS(j)INS(i);INS(u),INS(j),INS(i);DEL(ovat)
údolí;údolí;údolí;;
sekat;sekal byste;sekaINS(l)INS( )INS(b)INS(y)INS(s)tINS(e);INS(l),INS( ),INS(b),INS(y),INS(s),INS(e);
parcela;parcely;parcelDEL(a)INS(y);INS(y);DEL(a)
děkovat;děkována;děkovINS(á)INS(n)aDEL(t);INS(á),INS(n);DEL(t)
konzervovat;konzervovavši;konzervovaDEL(t)INS(v)INS(š)INS(i);INS(v),INS(š),INS(i);DEL(t)
sperma;spermatům;spermaINS(t)INS(ů)INS(m);INS(t),INS(ů),INS(m);
vylučovat;vylučujte;vylučDEL(ov)DEL(a)INS(u)INS(j)tINS(e);INS(u),INS(j),INS(e);DEL(ov),DEL(a)
znát;znajíc;znDEL(á)DEL(t)INS(a)INS(j)INS(í)INS(c);INS(a),INS(j),INS(í),INS(c);DEL(á),DEL(t)
rozkoukat;rozkoukána;rozkoukINS(á)INS(n)aDEL(t);INS(á),INS(n);DEL(t)
utrpení;utrpení;utrpení;;
kontrolovat;kontrolovali byste;kontrolovaINS(l)INS(i)INS( )INS(b)INS(y)INS(s)tINS(e);INS(l),INS(i),INS( ),INS(b),INS(y),INS(s),INS(e);
synonymní;synonymní;synonymní;;
studovat;studovalo byste;studovaINS(l)INS(o)INS( )INS(b)INS(y)INS(s)tINS(e);INS(l),INS(o),INS( ),INS(b),INS(y),INS(s),INS(e);
očekávat;očekávat;očekávat;;
kloktat;kloktá;klokDEL(t)DEL(a)tINS(á);INS(á);DEL(t),DEL(a)
podobat;podobal;podobaDEL(t)INS(l);INS(l);DEL(t)
schovaný;schovaného;schovanDEL(ý)INS(ého);INS(ého);DEL(ý)
povýšený;povýšenému;povýšenDEL(ý)INS(é)INS(mu);INS(é),INS(mu);DEL(ý)
akční potenciál;akčním potenciálům;akčníINS(m) potenciálINS(ů)INS(m);INS(m),INS(ů),INS(m);
důsledek;důsledcích;důsledDEL(e)DEL(k)INS(c)INS(í)INS(c)INS(h);INS(c),INS(í),INS(c),INS(h);DEL(e),DEL(k)
autoškola;autoškolami;autoškolaINS(mi);INS(mi);
budovat;budovala;budovINS(a)INS(l)aDEL(t);INS(a),INS(l);DEL(t)
odpuzovat;odpuzovav;odpuzovaDEL(t)INS(v);INS(v);DEL(t)
průvodce;průvodce;průvodce;;
vlasec;vlasců;vlasDEL(e)cINS(ů);INS(ů);DEL(e)
znělka;znělkou;znělkDEL(a)INS(o)INS(u);INS(o),INS(u);DEL(a)
povolávat;povolávala jste;povolávaINS(l)INS(a)INS( )INS(j)INS(s)tINS(e);INS(l),INS(a),INS( ),INS(j),INS(s),INS(e);
ctitel;ctitelé;ctitelINS(é);INS(é);
ambice;ambice;ambice;;
rušit;rušil jsem;rušiDEL(t)INS(l)INS( )INS(j)INS(s)INS(e)INS(m);INS(l),INS( ),INS(j),INS(s),INS(e),INS(m);DEL(t)
radiopřijímač;radiopřijímače;radiopřijímačINS(e);INS(e);
eso;esům;esDEL(o)INS(ů)INS(m);INS(ů),INS(m);DEL(o)
otrlý;otrlé;otrlDEL(ý)INS(é);INS(é);DEL(ý)
jíst;jedly;jDEL(ís)DEL(t)INS(e)INS(d)INS(l)INS(y);INS(e),INS(d),INS(l),INS(y);DEL(ís),DEL(t)
ghetto;ghetta;ghettDEL(o)INS(a);INS(a);DEL(o)
chodba;chodbě;chodbDEL(a)INS(ě);INS(ě);DEL(a)
krystalizovat;krystalizujme;krystalizDEL(ovat)INS(u)INS(j)INS(m)INS(e);INS(u),INS(j),INS(m),INS(e);DEL(ovat)
kultura;kultura;kultura;;
listovat;byl by listoval;INS(b)INS(y)INS(l)INS( )INS(b)INS(y)INS( )listovaDEL(t)INS(l);INS(b),INS(y),INS(l),INS( ),INS(b),INS(y),INS( ),INS(l);DEL(t)
ponožka;ponožky;ponožkDEL(a)INS(y);INS(y);DEL(a)
kniha;kniho;knihDEL(a)INS(o);INS(o);DEL(a)
parní;parní;parní;;
vyléčitelný;vyléčitelným;vyléčitelnýINS(m);INS(m);
jeřáb;jeřáb;jeřáb;;
markytán;markytáne;markytánINS(e);INS(e);
přitahovat;byly by přitahovaly;INS(b)INS(y)INS(l)INS(y)INS( )INS(b)INS(y)INS( )přitahovaDEL(t)INS(ly);INS(b),INS(y),INS(l),INS(y),INS( ),INS(b),INS(y),INS( ),INS(ly);DEL(t)
významný;významného;významnDEL(ý)INS(ého);INS(ého);DEL(ý)
řešeto;řešetem;řešetDEL(o)INS(e)INS(m);INS(e),INS(m);DEL(o)
dudlík;dudlíkem;dudlíkINS(e)INS(m);INS(e),INS(m);
názor;názoru;názorINS(u);INS(u);
dobrota;dobrotami;dobrotaINS(mi);INS(mi);
blafovat;blafují;blafDEL(ovat)INS(u)INS(j)INS(í);INS(u),INS(j),INS(í);DEL(ovat)
ves;vsemi;vDEL(e)sINS(e)INS(m)INS(i);INS(e),INS(m),INS(i);DEL(e)
bylinný;bylinná;bylinnDEL(ý)INS(á);INS(á);DEL(ý)
pokrevní;pokrevní;pokrevní;;
nazývat;budeš nazývat;INS(b)INS(u)INS(d)INS(e)INS(š)INS( )nazývat;INS(b),INS(u),INS(d),INS(e),INS(š),INS( );
dát;dal jste;dDEL(á)INS(a)INS(l)INS( )INS(j)INS(s)tINS(e);INS(a),INS(l),INS( ),INS(j),INS(s),INS(e);DEL(á)
excitovat;budete excitovat;INS(b)INS(u)INS(d)INS(e)INS(t)INS(e)INS( )excitovat;INS(b),INS(u),INS(d),INS(e),INS(t),INS(e),INS( );
kat;katy;katINS(y);INS(y);
čurák;čuráku;čurákINS(u);INS(u);
bok;bokům;bokINS(ů)INS(m);INS(ů),INS(m);
masitý;masité;masitDEL(ý)INS(é);INS(é);DEL(ý)
neziskový;neziskového;neziskovDEL(ý)INS(ého);INS(ého);DEL(ý)
jihlavský;jihlavské;jihlavskDEL(ý)INS(é);INS(é);DEL(ý)
afgánský;afgánští;afgánDEL(s)DEL(ký)INS(š)INS(t)INS(í);INS(š),INS(t),INS(í);DEL(s),DEL(ký)
fenomén;fenoménů;fenoménINS(ů);INS(ů);
klasifikovat;byly byste klasifikovaly;INS(b)INS(y)INS(l)INS(y)INS( )INS(b)INS(y)INS(s)INS(t)INS(e)INS( )klasifikovaDEL(t)INS(ly);INS(b),INS(y),INS(l),INS(y),INS( ),INS(b),INS(y),INS(s),INS(t),INS(e),INS( ),INS(ly);DEL(t)
datovat;datuje;dDEL(a)DEL(t)DEL(o)DEL(v)atINS(u)INS(j)INS(e);INS(u),INS(j),INS(e);DEL(a),DEL(t),DEL(o),DEL(v)
stěhovavý;stěhovavým;stěhovavýINS(m);INS(m);
odbíhat;odbíhal byste;odbíhaINS(l)INS( )INS(b)INS(y)INS(s)tINS(e);INS(l),INS( ),INS(b),INS(y),INS(s),INS(e);
kmenový;kmenové;kmenovDEL(ý)INS(é);INS(é);DEL(ý)
kousat;kousala jste;kousaINS(l)INS(a)INS( )INS(j)INS(s)tINS(e);INS(l),INS(a),INS( ),INS(j),INS(s),INS(e);
sudetský;sudetský;sudetský;;
nastupovat;nastupovaly;nastupovaDEL(t)INS(ly);INS(ly);DEL(t)
veganka;vegankou;vegankDEL(a)INS(o)INS(u);INS(o),INS(u);DEL(a)
labuť;labuti;labuDEL(ť)INS(t)INS(i);INS(t),INS(i);DEL(ť)
zpochybňovat;byly byste zpochybňovaly;INS(b)INS(y)INS(l)INS(y)INS( )INS(b)INS(y)INS(s)INS(t)INS(e)INS( )zpochybňovaDEL(t)INS(ly);INS(b),INS(y),INS(l),INS(y),INS( ),INS(b),INS(y),INS(s),INS(t),INS(e),INS( ),INS(ly);DEL(t)
bagrovat;byl by bagroval;INS(b)INS(y)INS(l)INS( )INS(b)INS(y)INS( )bagrovaDEL(t)INS(l);INS(b),INS(y),INS(l),INS( ),INS(b),INS(y),INS( ),INS(l);DEL(t)
dřevěný;dřevěných;dřevěnýINS(c)INS(h);INS(c),INS(h);
nesrovnatelný;nesrovnatelná;nesrovnatelnDEL(ý)INS(á);INS(á);DEL(ý)
iterovat;iteroval by;iterovaDEL(t)INS(l)INS( )INS(b)INS(y);INS(l),INS( ),INS(b),INS(y);DEL(t)
učitelský;učitelským;učitelskýINS(m);INS(m);
švestka;švestce;švestDEL(k)DEL(a)INS(c)INS(e);INS(c),INS(e);DEL(k),DEL(a)
primární;‎primárního;INS(‎)primárníINS(h)INS(o);INS(‎),INS(h),INS(o);
identický;identického;identickDEL(ý)INS(ého);INS(ého);DEL(ý)
útočit;útočíte;útočDEL(i)INS(í)tINS(e);INS(í),INS(e);DEL(i)
cenzurovat;cenzurovala jsi;cenzurovaDEL(t)INS(l)INS(a)INS( )INS(j)INS(s)INS(i);INS(l),INS(a),INS( ),INS(j),INS(s),INS(i);DEL(t)
jevit;jevili jsme;jeviDEL(t)INS(l)INS(i)INS( )INS(j)INS(s)INS(m)INS(e);INS(l),INS(i),INS( ),INS(j),INS(s),INS(m),INS(e);DEL(t)
kráva;krávou;krávDEL(a)INS(o)INS(u);INS(o),INS(u);DEL(a)
krymský;krymského;krymskDEL(ý)INS(ého);INS(ého);DEL(ý)
kyselina;kyselina;kyselina;;
běžný;běžná;běžnDEL(ý)INS(á);INS(á);DEL(ý)
obhajovat;byla by obhajovala;INS(b)INS(y)INS(l)INS(a)INS( )INS(b)INS(y)INS( )obhajovINS(a)INS(l)aDEL(t);INS(b),INS(y),INS(l),INS(a),INS( ),INS(b),INS(y),INS( ),INS(a),INS(l);DEL(t)
samozřejmý;samozřejmému;samozřejmDEL(ý)INS(é)INS(mu);INS(é),INS(mu);DEL(ý)
letecký;leteckou;leteckDEL(ý)INS(o)INS(u);INS(o),INS(u);DEL(ý)
nitrobuněčný;nitrobuněčná;nitrobuněčnDEL(ý)INS(á);INS(á);DEL(ý)
nedočkavý;nedočkavá;nedočkavDEL(ý)INS(á);INS(á);DEL(ý)
kostlivec;kostlivce;kostlivDEL(e)cINS(e);INS(e);DEL(e)
žalář;žalářů;žalářINS(ů);INS(ů);
chod;chode;chodINS(e);INS(e);
příbuzný;příbuzné;příbuznDEL(ý)INS(é);INS(é);DEL(ý)
fenomenologie;fenomenologii;fenomenologiDEL(e)INS(i);INS(i);DEL(e)
sleva;sleva;sleva;;
lícní;lícním;lícníINS(m);INS(m);
trychtýř;trychtýře;trychtýřINS(e);INS(e);
levitovat;levituji;leviDEL(t)DEL(ova)tINS(u)INS(j)INS(i);INS(u),INS(j),INS(i);DEL(t),DEL(ova)
výstižný;výstižnému;výstižnDEL(ý)INS(é)INS(mu);INS(é),INS(mu);DEL(ý)
japonský;japonští;japonDEL(s)DEL(ký)INS(š)INS(t)INS(í);INS(š),INS(t),INS(í);DEL(s),DEL(ký)
řečnický;řečnickým;řečnickýINS(m);INS(m);
kostlivec;kostlivcem;kostlivDEL(e)cINS(e)INS(m);INS(e),INS(m);DEL(e)
smrt;smrtí;smrtINS(í);INS(í);
kritický;kritické;kritickDEL(ý)INS(é);INS(é);DEL(ý)
bičovat;bičoval jsi;bičovaDEL(t)INS(l)INS( )INS(j)INS(s)INS(i);INS(l),INS( ),INS(j),INS(s),INS(i);DEL(t)
báječný;báječní;báječnDEL(ý)INS(í);INS(í);DEL(ý)
kapat;byly by kapaly;INS(b)INS(y)INS(l)INS(y)INS( )INS(b)INS(y)INS( )kapaDEL(t)INS(ly);INS(b),INS(y),INS(l),INS(y),INS( ),INS(b),INS(y),INS( ),INS(ly);DEL(t)
lehkomyslný;lehkomyslnému;lehkomyslnDEL(ý)INS(é)INS(mu);INS(é),INS(mu);DEL(ý)
kancelář;kanceláře;kancelářINS(e);INS(e);
extrahovat;extrahoval byste;extrahovaINS(l)INS( )INS(b)INS(y)INS(s)tINS(e);INS(l),INS( ),INS(b),INS(y),INS(s),INS(e);
sebehodnocení;sebehodnocení;sebehodnocení;;
kodifikovat;kodifikování;kodifikovDEL(a)DEL(t)INS(á)INS(n)INS(í);INS(á),INS(n),INS(í);DEL(a),DEL(t)
široký;širokým;širokýINS(m);INS(m);
adoptovat;adoptoval;adoptovaDEL(t)INS(l);INS(l);DEL(t)
nedřevnatý;nedřevnaté;nedřevnatDEL(ý)INS(é);INS(é);DEL(ý)
tabulka;tabulce;tabulDEL(k)DEL(a)INS(c)INS(e);INS(c),INS(e);DEL(k),DEL(a)
obvyklý;obvyklých;obvyklýINS(c)INS(h);INS(c),INS(h);
všudypřítomný;všudypřítomného;všudypřítomnDEL(ý)INS(ého);INS(ého);DEL(ý)
hoblovat;hobloval bys;hoblovaDEL(t)INS(l)INS( )INS(b)INS(y)INS(s);INS(l),INS( ),INS(b),INS(y),INS(s);DEL(t)
pročíst;pročetla jsem;pročDEL(í)DEL(s)INS(e)tINS(l)INS(a)INS( )INS(j)INS(s)INS(e)INS(m);INS(e),INS(l),INS(a),INS( ),INS(j),INS(s),INS(e),INS(m);DEL(í),DEL(s)
číslice;číslice;číslice;;
myšlenka;myšlenkám;myšlenkDEL(a)INS(á)INS(m);INS(á),INS(m);DEL(a)
lstivý;lstivá;lstivDEL(ý)INS(á);INS(á);DEL(ý)
tuleň;tuleněm;tuleDEL(ň)INS(n)INS(ě)INS(m);INS(n),INS(ě),INS(m);DEL(ň)
aplikační;aplikační;aplikační;;
maraton;maratonů;maratonINS(ů);INS(ů);
ctižádost;ctižádostech;ctižádostINS(e)INS(c)INS(h);INS(e),INS(c),INS(h);
masturbovat;bylo byste masturbovalo;INS(b)INS(y)INS(l)INS(o)INS( )INS(b)INS(y)INS(s)INS(t)INS(e)INS( )masturbovaDEL(t)INS(l)INS(o);INS(b),INS(y),INS(l),INS(o),INS( ),INS(b),INS(y),INS(s),INS(t),INS(e),INS( ),INS(l),INS(o);DEL(t)
stěna;stěna;stěna;;
okupovat;okupovali byste;okupovaINS(l)INS(i)INS( )INS(b)INS(y)INS(s)tINS(e);INS(l),INS(i),INS( ),INS(b),INS(y),INS(s),INS(e);
bulharský;bulharské;bulharskDEL(ý)INS(é);INS(é);DEL(ý)
faraon;faraoni;faraonINS(i);INS(i);
sobotní;sobotním;sobotníINS(m);INS(m);
částka;částkami;částkaINS(mi);INS(mi);
zarmoucený;zarmoucenému;zarmoucenDEL(ý)INS(é)INS(mu);INS(é),INS(mu);DEL(ý)
silnice;silnice;silnice;;
desítka;desítky;desítkDEL(a)INS(y);INS(y);DEL(a)
milovat;byla bys milovala;INS(b)INS(y)INS(l)INS(a)INS( )INS(b)INS(y)INS(s)INS( )milovINS(a)INS(l)aDEL(t);INS(b),INS(y),INS(l),INS(a),INS( ),INS(b),INS(y),INS(s),INS( ),INS(a),INS(l);DEL(t)
deprimovat;budou deprimovat;INS(b)INS(u)INS(d)INS(o)INS(u)INS( )deprimovat;INS(b),INS(u),INS(d),INS(o),INS(u),INS( );
slamák;slamáku;slamákINS(u);INS(u);
kokotina;kokotiny;kokotinDEL(a)INS(y);INS(y);DEL(a)
egyptský;egyptské;egyptskDEL(ý)INS(é);INS(é);DEL(ý)
církev;církev;církev;;
antikvariát;antikvariáty;antikvariátINS(y);INS(y);
bezbranný;bezbranné;bezbrannDEL(ý)INS(é);INS(é);DEL(ý)
pochyba;pochybě;pochybDEL(a)INS(ě);INS(ě);DEL(a)
alergie;alergii;alergiDEL(e)INS(i);INS(i);DEL(e)
tancovat;tancoval jsi;tancovaDEL(t)INS(l)INS( )INS(j)INS(s)INS(i);INS(l),INS( ),INS(j),INS(s),INS(i);DEL(t)
demoralizovat;demoralizujíce;demoralizDEL(ovat)INS(u)INS(j)INS(í)INS(c)INS(e);INS(u),INS(j),INS(í),INS(c),INS(e);DEL(ovat)
flambovat;flambovala bychom;flambovaDEL(t)INS(l)INS(a)INS( )INS(b)INS(y)INS(c)INS(h)INS(o)INS(m);INS(l),INS(a),INS( ),INS(b),INS(y),INS(c),INS(h),INS(o),INS(m);DEL(t)
pero;per;perDEL(o);;DEL(o)
regulovat;byl bych reguloval;INS(b)INS(y)INS(l)INS( )INS(b)INS(y)INS(c)INS(h)INS( )regulovaDEL(t)INS(l);INS(b),INS(y),INS(l),INS( ),INS(b),INS(y),INS(c),INS(h),INS( ),INS(l);DEL(t)
šach;šach;šach;;
Belgičan;Belgičany;BelgičanINS(y);INS(y);
jet;jedoucí;jeDEL(t)INS(d)INS(o)INS(u)INS(c)INS(í);INS(d),INS(o),INS(u),INS(c),INS(í);DEL(t)
bort;borty;bortINS(y);INS(y);
žárlivý;žárlivé;žárlivDEL(ý)INS(é);INS(é);DEL(ý)
tetovat;tetovali by;tetovaDEL(t)INS(l)INS(i)INS( )INS(b)INS(y);INS(l),INS(i),INS( ),INS(b),INS(y);DEL(t)
totální;totálním;totálníINS(m);INS(m);
mnich;mnichem;mnichINS(e)INS(m);INS(e),INS(m);
testovat;testovalo jsi;testovaDEL(t)INS(l)INS(o)INS( )INS(j)INS(s)INS(i);INS(l),INS(o),INS( ),INS(j),INS(s),INS(i);DEL(t)
psát;psalo jsem;psDEL(á)DEL(t)INS(a)INS(l)INS(o)INS( )INS(j)INS(s)INS(e)INS(m);INS(a),INS(l),INS(o),INS( ),INS(j),INS(s),INS(e),INS(m);DEL(á),DEL(t)
opar;opary;oparINS(y);INS(y);
flek;fleku;flekINS(u);INS(u);
bičovat;bičovala jste;bičovaINS(l)INS(a)INS( )INS(j)INS(s)tINS(e);INS(l),INS(a),INS( ),INS(j),INS(s),INS(e);
statistický;statistickou;statistickDEL(ý)INS(o)INS(u);INS(o),INS(u);DEL(ý)
horký;horcí;horDEL(k)DEL(ý)INS(c)INS(í);INS(c),INS(í);DEL(k),DEL(ý)
administrativa;administrativ;administrativDEL(a);;DEL(a)
zastrašit;byly bychom zastrašovaly;INS(b)INS(y)INS(l)INS(y)INS( )INS(b)INS(y)INS(c)INS(h)INS(o)INS(m)INS( )zastrašDEL(i)DEL(t)INS(o)INS(v)INS(a)INS(l)INS(y);INS(b),INS(y),INS(l),INS(y),INS( ),INS(b),INS(y),INS(c),INS(h),INS(o),INS(m),INS( ),INS(o),INS(v),INS(a),INS(l),INS(y);DEL(i),DEL(t)
přehrada;přehradě;přehradDEL(a)INS(ě);INS(ě);DEL(a)
želva;želvami;želvaINS(mi);INS(mi);
hádat;hádali;hádaDEL(t)INS(l)INS(i);INS(l),INS(i);DEL(t)
falzifikovat;falzifikuješ;falzifikDEL(ovat)INS(u)INS(j)INS(e)INS(š);INS(u),INS(j),INS(e),INS(š);DEL(ovat)
cytologický;cytologický;cytologický;;
nabídka;nabídko;nabídkDEL(a)INS(o);INS(o);DEL(a)
dovést;bude dovést;INS(b)INS(u)INS(d)INS(e)INS( )dovést;INS(b),INS(u),INS(d),INS(e),INS( );
krmit;krmil;krmiDEL(t)INS(l);INS(l);DEL(t)
ekonomický;ekonomické;ekonomickDEL(ý)INS(é);INS(é);DEL(ý)
kur;kura;kurINS(a);INS(a);
senzomotorický;senzomotorickém;senzomotorickDEL(ý)INS(é)INS(m);INS(é),INS(m);DEL(ý)
škodolibost;škodolibostech;škodolibostINS(e)INS(c)INS(h);INS(e),INS(c),INS(h);
sešit;sešitem;sešitINS(e)INS(m);INS(e),INS(m);
sokratovský;sokratovského;sokratovskDEL(ý)INS(ého);INS(ého);DEL(ý)
navrhovat;navrhovány;navrhovDEL(a)DEL(t)INS(á)INS(n)INS(y);INS(á),INS(n),INS(y);DEL(a),DEL(t)
jíst;jedly by;jDEL(ís)DEL(t)INS(e)INS(d)INS(l)INS(y)INS( )INS(b)INS(y);INS(e),INS(d),INS(l),INS(y),INS( ),INS(b),INS(y);DEL(ís),DEL(t)
epidemie;epidemií;epidemiDEL(e)INS(í);INS(í);DEL(e)
alergický;alergické;alergickDEL(ý)INS(é);INS(é);DEL(ý)
pochybovat;pochybujíc;pochybDEL(ovat)INS(u)INS(j)INS(í)INS(c);INS(u),INS(j),INS(í),INS(c);DEL(ovat)
idealizovat;idealizovala;idealizovINS(a)INS(l)aDEL(t);INS(a),INS(l);DEL(t)
testovat;testujíce;tesDEL(t)DEL(ova)tINS(u)INS(j)INS(í)INS(c)INS(e);INS(u),INS(j),INS(í),INS(c),INS(e);DEL(t),DEL(ova)
závist;závistí;závistINS(í);INS(í);
společnost;společností;společnostINS(í);INS(í);
berle;berlemi;berleINS(mi);INS(mi);
argentinský;argentinské;argentinskDEL(ý)INS(é);INS(é);DEL(ý)
popínavý;popínavé;popínavDEL(ý)INS(é);INS(é);DEL(ý)
živočich;živočichy;živočichINS(y);INS(y);
implantovat;implantovala bychom;implantovaDEL(t)INS(l)INS(a)INS( )INS(b)INS(y)INS(c)INS(h)INS(o)INS(m);INS(l),INS(a),INS( ),INS(b),INS(y),INS(c),INS(h),INS(o),INS(m);DEL(t)
jehla;jehlou;jehlDEL(a)INS(o)INS(u);INS(o),INS(u);DEL(a)
královna;královen;královINS(e)nDEL(a);INS(e);DEL(a)
malovat;malující;malDEL(ovat)INS(u)INS(j)INS(í)INS(c)INS(í);INS(u),INS(j),INS(í),INS(c),INS(í);DEL(ovat)
významový;významové;významovDEL(ý)INS(é);INS(é);DEL(ý)
kontrastovat;kontrastovalo bys;kontrastovaDEL(t)INS(l)INS(o)INS( )INS(b)INS(y)INS(s);INS(l),INS(o),INS( ),INS(b),INS(y),INS(s);DEL(t)
vřískat;vřískaje;vřískaDEL(t)INS(j)INS(e);INS(j),INS(e);DEL(t)
bábovka;bábovku;bábovkDEL(a)INS(u);INS(u);DEL(a)
penalta;penalty;penaltDEL(a)INS(y);INS(y);DEL(a)
věčný;věčných;věčnýINS(c)INS(h);INS(c),INS(h);
bříza;břízách;břízDEL(a)INS(á)INS(c)INS(h);INS(á),INS(c),INS(h);DEL(a)
peněžní;peněžními;peněžníINS(mi);INS(mi);
pláč;pláče;pláčINS(e);INS(e);
vážný;vážná;vážnDEL(ý)INS(á);INS(á);DEL(ý)
fascinovat;fascinovaly by;fascinovaDEL(t)INS(l)INS(y)INS( )INS(b)INS(y);INS(l),INS(y),INS( ),INS(b),INS(y);DEL(t)
reproduktor;reproduktoru;reproduktorINS(u);INS(u);
žvýkat;žvýkaly by;žvýkaDEL(t)INS(l)INS(y)INS( )INS(b)INS(y);INS(l),INS(y),INS( ),INS(b),INS(y);DEL(t)
rigorózní;rigorózními;rigorózníINS(mi);INS(mi);
kašlat;kašlu;kašlDEL(a)DEL(t)INS(u);INS(u);DEL(a),DEL(t)
dávat;dával jste;dávaINS(l)INS( )INS(j)INS(s)tINS(e);INS(l),INS( ),INS(j),INS(s),INS(e);
vaječný;vaječné;vaječnDEL(ý)INS(é);INS(é);DEL(ý)
ochutnávat;ochutnávalo bych;ochutnávaDEL(t)INS(l)INS(o)INS( )INS(b)INS(y)INS(c)INS(h);INS(l),INS(o),INS( ),INS(b),INS(y),INS(c),INS(h);DEL(t)
vyhovovat;byly byste vyhovovaly;INS(b)INS(y)INS(l)INS(y)INS( )INS(b)INS(y)INS(s)INS(t)INS(e)INS( )vyhovovaDEL(t)INS(ly);INS(b),INS(y),INS(l),INS(y),INS( ),INS(b),INS(y),INS(s),INS(t),INS(e),INS( ),INS(ly);DEL(t)
souběžný;souběžným;souběžnýINS(m);INS(m);
isomorfní;‎isomorfní;INS(‎)isomorfní;INS(‎);
tanec;tanecům;tanecINS(ů)INS(m);INS(ů),INS(m);
tvor;tvorovi;tvorINS(o)INS(v)INS(i);INS(o),INS(v),INS(i);
ratifikovat;ratifikovali jsme;ratifikovaDEL(t)INS(l)INS(i)INS( )INS(j)INS(s)INS(m)INS(e);INS(l),INS(i),INS( ),INS(j),INS(s),INS(m),INS(e);DEL(t)
diskvalifikovat;diskvalifikovali by;diskvalifikovaDEL(t)INS(l)INS(i)INS( )INS(b)INS(y);INS(l),INS(i),INS( ),INS(b),INS(y);DEL(t)
obsahovat;obsahujeme;obsahDEL(ovat)INS(u)INS(j)INS(e)INS(m)INS(e);INS(u),INS(j),INS(e),INS(m),INS(e);DEL(ovat)
reraisovat;reraisujíce;reraisDEL(ovat)INS(u)INS(j)INS(í)INS(c)INS(e);INS(u),INS(j),INS(í),INS(c),INS(e);DEL(ovat)
žalující;žalující;žalující;;
namyšlenost;namyšlenost;namyšlenost;;
bičovat;bičovaly;bičovaDEL(t)INS(ly);INS(ly);DEL(t)
plyn;plyny;plynINS(y);INS(y);
důkaz;důkazům;důkazINS(ů)INS(m);INS(ů),INS(m);
piraňa;pirani;pirDEL(a)DEL(ň)aINS(n)INS(i);INS(n),INS(i);DEL(a),DEL(ň)
kodifikovat;kodifikovaly;kodifikovaDEL(t)INS(ly);INS(ly);DEL(t)
dívka;dívkách;dívkDEL(a)INS(á)INS(c)INS(h);INS(á),INS(c),INS(h);DEL(a)
pavián;paviáne;paviánINS(e);INS(e);
statik;statici;statINS(i)INS(c)iDEL(k);INS(i),INS(c);DEL(k)
kajak;kajaku;kajakINS(u);INS(u);
robot;roboty;robotINS(y);INS(y);
stornovat;bylo bych stornovalo;INS(b)INS(y)INS(l)INS(o)INS( )INS(b)INS(y)INS(c)INS(h)INS( )stornovaDEL(t)INS(l)INS(o);INS(b),INS(y),INS(l),INS(o),INS( ),INS(b),INS(y),INS(c),INS(h),INS( ),INS(l),INS(o);DEL(t)
řečiště;řečištím;řečištDEL(ě)INS(í)INS(m);INS(í),INS(m);DEL(ě)
otrocký;otročtí;otroDEL(c)DEL(ký)INS(č)INS(t)INS(í);INS(č),INS(t),INS(í);DEL(c),DEL(ký)
zelí;zelí;zelí;;
společenský;společenským;společenskýINS(m);INS(m);
posílat;posílali bychom;posílaDEL(t)INS(l)INS(i)INS( )INS(b)INS(y)INS(c)INS(h)INS(o)INS(m);INS(l),INS(i),INS( ),INS(b),INS(y),INS(c),INS(h),INS(o),INS(m);DEL(t)
školní;školní;školní;;
šála;šály;šálDEL(a)INS(y);INS(y);DEL(a)
vůně;vůni;vůnDEL(ě)INS(i);INS(i);DEL(ě)
ego;egům;egDEL(o)INS(ů)INS(m);INS(ů),INS(m);DEL(o)
připisovat;připisovaly by;připisovaDEL(t)INS(l)INS(y)INS( )INS(b)INS(y);INS(l),INS(y),INS( ),INS(b),INS(y);DEL(t)
svině;svini;svinDEL(ě)INS(i);INS(i);DEL(ě)
dědit;dědí;dědDEL(i)DEL(t)INS(í);INS(í);DEL(i),DEL(t)
realistický;realistické;realistickDEL(ý)INS(é);INS(é);DEL(ý)
snímek;snímek;snímek;;
Američan;Američany;AmeričanINS(y);INS(y);
zpívat;zpívaly;zpívaDEL(t)INS(ly);INS(ly);DEL(t)
hliněný;hlinění;hliněnDEL(ý)INS(í);INS(í);DEL(ý)
odpor;odpory;odporINS(y);INS(y);
pozdravovat;pozdravoval bys;pozdravovaDEL(t)INS(l)INS( )INS(b)INS(y)INS(s);INS(l),INS( ),INS(b),INS(y),INS(s);DEL(t)
chór;chóru;chórINS(u);INS(u);
orientovat;orientovalo jsi;orientovaDEL(t)INS(l)INS(o)INS( )INS(j)INS(s)INS(i);INS(l),INS(o),INS( ),INS(j),INS(s),INS(i);DEL(t)
korigovat;budete korigovat;INS(b)INS(u)INS(d)INS(e)INS(t)INS(e)INS( )korigovat;INS(b),INS(u),INS(d),INS(e),INS(t),INS(e),INS( );
deprimovat;byla bychom deprimovala;INS(b)INS(y)INS(l)INS(a)INS( )INS(b)INS(y)INS(c)INS(h)INS(o)INS(m)INS( )deprimovINS(a)INS(l)aDEL(t);INS(b),INS(y),INS(l),INS(a),INS( ),INS(b),INS(y),INS(c),INS(h),INS(o),INS(m),INS( ),INS(a),INS(l);DEL(t)
děčínský;děčínské;děčínskDEL(ý)INS(é);INS(é);DEL(ý)
nehybný;nehybná;nehybnDEL(ý)INS(á);INS(á);DEL(ý)
nezávislý;nezávislí;nezávislDEL(ý)INS(í);INS(í);DEL(ý)
osmotický;osmotickém;osmotickDEL(ý)INS(é)INS(m);INS(é),INS(m);DEL(ý)
autoreflexe;autoreflexím;autoreflexDEL(e)INS(í)INS(m);INS(í),INS(m);DEL(e)
druhý;druhá;druhDEL(ý)INS(á);INS(á);DEL(ý)
vtipálek;vtipáleku;vtipálekINS(u);INS(u);
nevyhnutelný;nevyhnutelné;nevyhnutelnDEL(ý)INS(é);INS(é);DEL(ý)
afroamerický;afroamerické;afroamerickDEL(ý)INS(é);INS(é);DEL(ý)
okraj;okrajích;okrajINS(í)INS(c)INS(h);INS(í),INS(c),INS(h);
faxovat;faxovaly;faxovaDEL(t)INS(ly);INS(ly);DEL(t)
veselí;veselí;veselí;;
šumivý;šumivé;šumivDEL(ý)INS(é);INS(é);DEL(ý)
losovat;losujíce;losDEL(ovat)INS(u)INS(j)INS(í)INS(c)INS(e);INS(u),INS(j),INS(í),INS(c),INS(e);DEL(ovat)
rytmický;rytmické;rytmickDEL(ý)INS(é);INS(é);DEL(ý)
sžíravý;sžíravý;sžíravý;;
strohý;strohého;strohDEL(ý)INS(ého);INS(ého);DEL(ý)
vyhovovat;vyhovovaly jste;vyhovovaINS(l)INS(y)INS( )INS(j)INS(s)tINS(e);INS(l),INS(y),INS( ),INS(j),INS(s),INS(e);
krotký;krotkém;krotkDEL(ý)INS(é)INS(m);INS(é),INS(m);DEL(ý)
přání;přáních;přáníINS(c)INS(h);INS(c),INS(h);
axiomatický;axiomatická;axiomatickDEL(ý)INS(á);INS(á);DEL(ý)
kouzlo;kouzlo;kouzlo;;
chrabrý;chrabré;chrabrDEL(ý)INS(é);INS(é);DEL(ý)
kšiltovka;kšiltovky;kšiltovkDEL(a)INS(y);INS(y);DEL(a)
magnetický;magnetické;magnetickDEL(ý)INS(é);INS(é);DEL(ý)
lavice;lavicemi;laviceINS(mi);INS(mi);
encyklopedický;encyklopedického;encyklopedickDEL(ý)INS(ého);INS(ého);DEL(ý)
otékat;otékají;otékaDEL(t)INS(j)INS(í);INS(j),INS(í);DEL(t)
cucat;cucalo byste;cucaINS(l)INS(o)INS( )INS(b)INS(y)INS(s)tINS(e);INS(l),INS(o),INS( ),INS(b),INS(y),INS(s),INS(e);
dívat;dívala bych;dívaDEL(t)INS(l)INS(a)INS( )INS(b)INS(y)INS(c)INS(h);INS(l),INS(a),INS( ),INS(b),INS(y),INS(c),INS(h);DEL(t)
smích;smíchy;smíchINS(y);INS(y);
pochybovat;byly by pochybovaly;INS(b)INS(y)INS(l)INS(y)INS( )INS(b)INS(y)INS( )pochybovaDEL(t)INS(ly);INS(b),INS(y),INS(l),INS(y),INS( ),INS(b),INS(y),INS( ),INS(ly);DEL(t)
plíseň;plísních;plísDEL(e)DEL(ň)INS(n)INS(í)INS(c)INS(h);INS(n),INS(í),INS(c),INS(h);DEL(e),DEL(ň)
závěť;závěti;závěDEL(ť)INS(t)INS(i);INS(t),INS(i);DEL(ť)
filantropický;filantropického;filantropickDEL(ý)INS(ého);INS(ého);DEL(ý)
měnový;měnový;měnový;;
třískat;třískala jsi;třískaDEL(t)INS(l)INS(a)INS( )INS(j)INS(s)INS(i);INS(l),INS(a),INS( ),INS(j),INS(s),INS(i);DEL(t)
cenzurovat;bylo by cenzurovalo;INS(b)INS(y)INS(l)INS(o)INS( )INS(b)INS(y)INS( )cenzurovaDEL(t)INS(l)INS(o);INS(b),INS(y),INS(l),INS(o),INS( ),INS(b),INS(y),INS( ),INS(l),INS(o);DEL(t)
božský;božském;božskDEL(ý)INS(é)INS(m);INS(é),INS(m);DEL(ý)
plivat;pliváš;plivDEL(a)DEL(t)INS(á)INS(š);INS(á),INS(š);DEL(a),DEL(t)
argumentovat;budeme argumentovat;INS(b)INS(u)INS(d)INS(e)INS(m)INS(e)INS( )argumentovat;INS(b),INS(u),INS(d),INS(e),INS(m),INS(e),INS( );
odemykat;bylo byste odemykalo;INS(b)INS(y)INS(l)INS(o)INS( )INS(b)INS(y)INS(s)INS(t)INS(e)INS( )odemykaDEL(t)INS(l)INS(o);INS(b),INS(y),INS(l),INS(o),INS( ),INS(b),INS(y),INS(s),INS(t),INS(e),INS( ),INS(l),INS(o);DEL(t)
pátý;pátá;pátDEL(ý)INS(á);INS(á);DEL(ý)
existovat;existovalo jsi;existovaDEL(t)INS(l)INS(o)INS( )INS(j)INS(s)INS(i);INS(l),INS(o),INS( ),INS(j),INS(s),INS(i);DEL(t)
kněz;knězím;knězINS(í)INS(m);INS(í),INS(m);
aktivovat;aktivovány;aktivovDEL(a)DEL(t)INS(á)INS(n)INS(y);INS(á),INS(n),INS(y);DEL(a),DEL(t)
být;byla byste;bDEL(ý)INS(y)INS(l)INS(a)INS( )INS(b)INS(y)INS(s)tINS(e);INS(y),INS(l),INS(a),INS( ),INS(b),INS(y),INS(s),INS(e);DEL(ý)
bavorský;bavorskými;bavorskýINS(mi);INS(mi);
stěžovat;stěžovali bychom;stěžovaDEL(t)INS(l)INS(i)INS( )INS(b)INS(y)INS(c)INS(h)INS(o)INS(m);INS(l),INS(i),INS( ),INS(b),INS(y),INS(c),INS(h),INS(o),INS(m);DEL(t)
detailní;detailní;detailní;;
loděnice;loděnici;loděnicDEL(e)INS(i);INS(i);DEL(e)
diář;diáře;diářINS(e);INS(e);
duše;duše;duše;;
bradatý;bradatá;bradatDEL(ý)INS(á);INS(á);DEL(ý)
alergie;alergie;alergie;;
lednový;lednová;lednovDEL(ý)INS(á);INS(á);DEL(ý)
rýmovat;rýmovala jste;rýmovaINS(l)INS(a)INS( )INS(j)INS(s)tINS(e);INS(l),INS(a),INS( ),INS(j),INS(s),INS(e);
nečinný;nečinné;nečinnDEL(ý)INS(é);INS(é);DEL(ý)
tisící;tisícím;tisícíINS(m);INS(m);
kontrola;kontrolami;kontrolaINS(mi);INS(mi);
bezmyšlenkovitý;bezmyšlenkovitým;bezmyšlenkovitýINS(m);INS(m);
komunikovat;komunikováno;komunikovDEL(a)DEL(t)INS(á)INS(n)INS(o);INS(á),INS(n),INS(o);DEL(a),DEL(t)
činný;činného;činnDEL(ý)INS(ého);INS(ého);DEL(ý)
aplikovat;aplikoval jste;aplikovaINS(l)INS( )INS(j)INS(s)tINS(e);INS(l),INS( ),INS(j),INS(s),INS(e);
třískat;třískán;třískDEL(a)DEL(t)INS(á)INS(n);INS(á),INS(n);DEL(a),DEL(t)
honba;honeb;honINS(e)bDEL(a);INS(e);DEL(a)
písčitý;písčité;písčitDEL(ý)INS(é);INS(é);DEL(ý)
reproduktor;reproduktor;reproduktor;;
myslet;mysleli;mysleDEL(t)INS(l)INS(i);INS(l),INS(i);DEL(t)
tyčinka;tyčinka;tyčinka;;
berle;berle;berle;;
pustina;pustinami;pustinaINS(mi);INS(mi);
přizpůsobivý;přizpůsobivém;přizpůsobivDEL(ý)INS(é)INS(m);INS(é),INS(m);DEL(ý)
investor;investore;investorINS(e);INS(e);
pramen;pramenu;pramenINS(u);INS(u);
křížový;křížové;křížovDEL(ý)INS(é);INS(é);DEL(ý)
obchodník;obchodníkem;obchodníkINS(e)INS(m);INS(e),INS(m);
bytelný;bytelné;bytelnDEL(ý)INS(é);INS(é);DEL(ý)
věrný;věrné;věrnDEL(ý)INS(é);INS(é);DEL(ý)
tableta;tablety;tabletDEL(a)INS(y);INS(y);DEL(a)
užitečný;užitečná;užitečnDEL(ý)INS(á);INS(á);DEL(ý)
modlit;modlí;modlDEL(i)DEL(t)INS(í);INS(í);DEL(i),DEL(t)
kalibrovat;kalibrovalo bys;kalibrovaDEL(t)INS(l)INS(o)INS( )INS(b)INS(y)INS(s);INS(l),INS(o),INS( ),INS(b),INS(y),INS(s);DEL(t)
úplněk;úplňků;úplDEL(n)DEL(ě)INS(ň)kINS(ů);INS(ň),INS(ů);DEL(n),DEL(ě)
nezcizitelný;nezcizitelné;nezcizitelnDEL(ý)INS(é);INS(é);DEL(ý)
fungování;fungování;fungování;;
brouk;brouků;broukINS(ů);INS(ů);
plavání;plavání;plavání;;
socha;sochami;sochaINS(mi);INS(mi);
ochutnávat;ochutnávaje;ochutnávaDEL(t)INS(j)INS(e);INS(j),INS(e);DEL(t)
nevýhodný;nevýhodná;nevýhodnDEL(ý)INS(á);INS(á);DEL(ý)
sahat;sahav;sahaDEL(t)INS(v);INS(v);DEL(t)
hanba;hanby;hanbDEL(a)INS(y);INS(y);DEL(a)
ubrus;ubrusům;ubrusINS(ů)INS(m);INS(ů),INS(m);
lehký;lehkou;lehkDEL(ý)INS(o)INS(u);INS(o),INS(u);DEL(ý)
manipulovat;manipulujíce;manipulDEL(ovat)INS(u)INS(j)INS(í)INS(c)INS(e);INS(u),INS(j),INS(í),INS(c),INS(e);DEL(ovat)
duše;duši;dušDEL(e)INS(i);INS(i);DEL(e)
asketický;asketické;asketickDEL(ý)INS(é);INS(é);DEL(ý)
vystavovat;vystavovalo bys;vystavovaDEL(t)INS(l)INS(o)INS( )INS(b)INS(y)INS(s);INS(l),INS(o),INS( ),INS(b),INS(y),INS(s);DEL(t)
archivovat;byly byste archivovaly;INS(b)INS(y)INS(l)INS(y)INS( )INS(b)INS(y)INS(s)INS(t)INS(e)INS( )archivovaDEL(t)INS(ly);INS(b),INS(y),INS(l),INS(y),INS( ),INS(b),INS(y),INS(s),INS(t),INS(e),INS( ),INS(ly);DEL(t)
vizitka;vizitky;vizitkDEL(a)INS(y);INS(y);DEL(a)
alžbětinský;alžbětinské;alžbětinskDEL(ý)INS(é);INS(é);DEL(ý)
nezdravý;nezdravý;nezdravý;;
širokospektrý;širokospektří;širokospektDEL(r)DEL(ý)INS(ř)INS(í);INS(ř),INS(í);DEL(r),DEL(ý)
padat;padaly;padaDEL(t)INS(ly);INS(ly);DEL(t)
botanizovat;botanizovala by;botanizovaDEL(t)INS(l)INS(a)INS( )INS(b)INS(y);INS(l),INS(a),INS( ),INS(b),INS(y);DEL(t)
infikovat;infikujíce;infikDEL(ovat)INS(u)INS(j)INS(í)INS(c)INS(e);INS(u),INS(j),INS(í),INS(c),INS(e);DEL(ovat)
normativní;normativní;normativní;;
demokratický;demokratické;demokratickDEL(ý)INS(é);INS(é);DEL(ý)
sluchový;sluchová;sluchovDEL(ý)INS(á);INS(á);DEL(ý)
demoralizovat;byla bys demoralizovala;INS(b)INS(y)INS(l)INS(a)INS( )INS(b)INS(y)INS(s)INS( )demoralizovINS(a)INS(l)aDEL(t);INS(b),INS(y),INS(l),INS(a),INS( ),INS(b),INS(y),INS(s),INS( ),INS(a),INS(l);DEL(t)
zdrcený;zdrcené;zdrcenDEL(ý)INS(é);INS(é);DEL(ý)
předpotopní;předpotopní;předpotopní;;
odehrávat;odehrával jsem;odehrávaDEL(t)INS(l)INS( )INS(j)INS(s)INS(e)INS(m);INS(l),INS( ),INS(j),INS(s),INS(e),INS(m);DEL(t)
bábovička;bábovičky;bábovičkDEL(a)INS(y);INS(y);DEL(a)
stěna;stěnám;stěnDEL(a)INS(á)INS(m);INS(á),INS(m);DEL(a)
oset;osetu;osetINS(u);INS(u);
chrochtat;chrochtalo by;chrochtaDEL(t)INS(l)INS(o)INS( )INS(b)INS(y);INS(l),INS(o),INS( ),INS(b),INS(y);DEL(t)
entita;entitách;entitDEL(a)INS(á)INS(c)INS(h);INS(á),INS(c),INS(h);DEL(a)
pracovat;pracoval byste;pracovaINS(l)INS( )INS(b)INS(y)INS(s)tINS(e);INS(l),INS( ),INS(b),INS(y),INS(s),INS(e);
snídat;bude snídat;INS(b)INS(u)INS(d)INS(e)INS( )snídat;INS(b),INS(u),INS(d),INS(e),INS( );
proletářský;proletářských;proletářskýINS(c)INS(h);INS(c),INS(h);
pozorovatelný;pozorovatelným;pozorovatelnýINS(m);INS(m);
ulejvácký;ulejváckému;ulejváckDEL(ý)INS(é)INS(mu);INS(é),INS(mu);DEL(ý)
chrochtat;chrochtaly;chrochtaDEL(t)INS(ly);INS(ly);DEL(t)
kuchař;kuchařů;kuchařINS(ů);INS(ů);
kýta;kýty;kýtDEL(a)INS(y);INS(y);DEL(a)
bylinný;bylinného;bylinnDEL(ý)INS(ého);INS(ého);DEL(ý)
vyhovovat;vyhovovala jsi;vyhovovaDEL(t)INS(l)INS(a)INS( )INS(j)INS(s)INS(i);INS(l),INS(a),INS( ),INS(j),INS(s),INS(i);DEL(t)
směnka;směnky;směnkDEL(a)INS(y);INS(y);DEL(a)
kazeta;kazetách;kazetDEL(a)INS(á)INS(c)INS(h);INS(á),INS(c),INS(h);DEL(a)
hospodářský;hospodářském;hospodářskDEL(ý)INS(é)INS(m);INS(é),INS(m);DEL(ý)
editovat;editovala bychom;editovaDEL(t)INS(l)INS(a)INS( )INS(b)INS(y)INS(c)INS(h)INS(o)INS(m);INS(l),INS(a),INS( ),INS(b),INS(y),INS(c),INS(h),INS(o),INS(m);DEL(t)
kritizovat;kritizovav;kritizovaDEL(t)INS(v);INS(v);DEL(t)
artikulovat;artikuloval jsem;artikulovaDEL(t)INS(l)INS( )INS(j)INS(s)INS(e)INS(m);INS(l),INS( ),INS(j),INS(s),INS(e),INS(m);DEL(t)
pokus;pokus;pokus;;
kontext;kontexty;kontextINS(y);INS(y);
couvat;byly bychom couvaly;INS(b)INS(y)INS(l)INS(y)INS( )INS(b)INS(y)INS(c)INS(h)INS(o)INS(m)INS( )couvaDEL(t)INS(ly);INS(b),INS(y),INS(l),INS(y),INS( ),INS(b),INS(y),INS(c),INS(h),INS(o),INS(m),INS( ),INS(ly);DEL(t)
libela;libelou;libelDEL(a)INS(o)INS(u);INS(o),INS(u);DEL(a)
sklárna;skárnám;skDEL(l)árnDEL(a)INS(á)INS(m);INS(á),INS(m);DEL(l),DEL(a)
proslulý;proslulé;proslulDEL(ý)INS(é);INS(é);DEL(ý)
flambovat;flambujte;flambDEL(ov)DEL(a)INS(u)INS(j)tINS(e);INS(u),INS(j),INS(e);DEL(ov),DEL(a)
darovat;darovavše;darovaDEL(t)INS(v)INS(š)INS(e);INS(v),INS(š),INS(e);DEL(t)
vřískat;vřískavši;vřískaDEL(t)INS(v)INS(š)INS(i);INS(v),INS(š),INS(i);DEL(t)
atomový;atomové;atomovDEL(ý)INS(é);INS(é);DEL(ý)
odštěpovat;odštěpoval byste;odštěpovaINS(l)INS( )INS(b)INS(y)INS(s)tINS(e);INS(l),INS( ),INS(b),INS(y),INS(s),INS(e);
blízký;blízké;blízkDEL(ý)INS(é);INS(é);DEL(ý)
britonský;britonském;britonskDEL(ý)INS(é)INS(m);INS(é),INS(m);DEL(ý)
extrahovat;extrahovány;extrahovDEL(a)DEL(t)INS(á)INS(n)INS(y);INS(á),INS(n),INS(y);DEL(a),DEL(t)
flambovat;flambovaly;flambovaDEL(t)INS(ly);INS(ly);DEL(t)
implicitní;implicitní;implicitní;;
kadidlo;kadidlo;kadidlo;;
antimonopolní;antimonopolními;antimonopolníINS(mi);INS(mi);
pytel;pytle;pytDEL(e)lINS(e);INS(e);DEL(e)
belgický;belgický;belgický;;
formulovat;formulovala jste;formulovaINS(l)INS(a)INS( )INS(j)INS(s)tINS(e);INS(l),INS(a),INS( ),INS(j),INS(s),INS(e);
pumpovat;pumpovala;pumpovINS(a)INS(l)aDEL(t);INS(a),INS(l);DEL(t)
tenký;tenké;tenkDEL(ý)INS(é);INS(é);DEL(ý)
sourodý;sourodému;sourodDEL(ý)INS(é)INS(mu);INS(é),INS(mu);DEL(ý)
přepracovaný;přepracovaná;přepracovanDEL(ý)INS(á);INS(á);DEL(ý)
regulovat;regulovala jsme;regulovaDEL(t)INS(l)INS(a)INS( )INS(j)INS(s)INS(m)INS(e);INS(l),INS(a),INS( ),INS(j),INS(s),INS(m),INS(e);DEL(t)
záplava;záplava;záplava;;
traumatický;traumatická;traumatickDEL(ý)INS(á);INS(á);DEL(ý)
sněhulák;sněhulácích;sněhuláDEL(k)INS(c)INS(í)INS(c)INS(h);INS(c),INS(í),INS(c),INS(h);DEL(k)
automatický;automatickou;automatickDEL(ý)INS(o)INS(u);INS(o),INS(u);DEL(ý)
milovat;milovalo;milovaDEL(t)INS(l)INS(o);INS(l),INS(o);DEL(t)
pasovat;pasovaly by;pasovaDEL(t)INS(l)INS(y)INS( )INS(b)INS(y);INS(l),INS(y),INS( ),INS(b),INS(y);DEL(t)
kancelář;kanceláři;kancelářINS(i);INS(i);
stý;stý;stý;;
nebeský;nebeských;nebeskýINS(c)INS(h);INS(c),INS(h);
trpělivý;trpěliví;trpělivDEL(ý)INS(í);INS(í);DEL(ý)
kremrole;kremrole;kremrole;;
tiskovka;tiskovky;tiskovkDEL(a)INS(y);INS(y);DEL(a)
nevidomý;nevidomé;nevidomDEL(ý)INS(é);INS(é);DEL(ý)
žalující;žalujícím;žalujícíINS(m);INS(m);
lepit;lepili jste;lepiINS(l)INS(i)INS( )INS(j)INS(s)tINS(e);INS(l),INS(i),INS( ),INS(j),INS(s),INS(e);
společenský;společenských;společenskýINS(c)INS(h);INS(c),INS(h);
zhoršovat;zhoršují;zhoršDEL(ovat)INS(u)INS(j)INS(í);INS(u),INS(j),INS(í);DEL(ovat)
levitovat;levitoval jsi;levitovaDEL(t)INS(l)INS( )INS(j)INS(s)INS(i);INS(l),INS( ),INS(j),INS(s),INS(i);DEL(t)
posttraumatický;posttraumatickém;posttraumatickDEL(ý)INS(é)INS(m);INS(é),INS(m);DEL(ý)
podobat;byli by podobali;INS(b)INS(y)INS(l)INS(i)INS( )INS(b)INS(y)INS( )podobaDEL(t)INS(l)INS(i);INS(b),INS(y),INS(l),INS(i),INS( ),INS(b),INS(y),INS( ),INS(l),INS(i);DEL(t)
parkovat;parkovali jste;parkovaINS(l)INS(i)INS( )INS(j)INS(s)tINS(e);INS(l),INS(i),INS( ),INS(j),INS(s),INS(e);
homofonum;homofonu;homofonuDEL(m);;DEL(m)
citovat;citovaly;citovaDEL(t)INS(ly);INS(ly);DEL(t)
alkoholismus;alkoholismus;alkoholismus;;
motivovat;motivovaly;motivovaDEL(t)INS(ly);INS(ly);DEL(t)
dálkový;dálkovou;dálkovDEL(ý)INS(o)INS(u);INS(o),INS(u);DEL(ý)
choreografický;choreografického;choreografickDEL(ý)INS(ého);INS(ého);DEL(ý)
andulka;andulky;andulkDEL(a)INS(y);INS(y);DEL(a)
vzrušený;‎vzrušeném;INS(‎)vzrušenDEL(ý)INS(é)INS(m);INS(‎),INS(é),INS(m);DEL(ý)
dcera;dcery;dcerDEL(a)INS(y);INS(y);DEL(a)
poznávat;poznávaly jste;poznávaINS(l)INS(y)INS( )INS(j)INS(s)tINS(e);INS(l),INS(y),INS( ),INS(j),INS(s),INS(e);
dělit;dělili jste;děliINS(l)INS(i)INS( )INS(j)INS(s)tINS(e);INS(l),INS(i),INS( ),INS(j),INS(s),INS(e);
derivovat;byly by derivovaly;INS(b)INS(y)INS(l)INS(y)INS( )INS(b)INS(y)INS( )derivovaDEL(t)INS(ly);INS(b),INS(y),INS(l),INS(y),INS( ),INS(b),INS(y),INS( ),INS(ly);DEL(t)
rozměr;rozměr;rozměr;;
nemocný;nemocná;nemocnDEL(ý)INS(á);INS(á);DEL(ý)
vrtošivý;vrtošivé;vrtošivDEL(ý)INS(é);INS(é);DEL(ý)
děkovat;děkovaly;děkovaDEL(t)INS(ly);INS(ly);DEL(t)
pozorovaný;pozorovaného;pozorovanDEL(ý)INS(ého);INS(ého);DEL(ý)
masakrovat;masakrujte;masakrDEL(ov)DEL(a)INS(u)INS(j)tINS(e);INS(u),INS(j),INS(e);DEL(ov),DEL(a)
orientovat;orientovaly;orientovaDEL(t)INS(ly);INS(ly);DEL(t)
osuška;osušky;osuškDEL(a)INS(y);INS(y);DEL(a)
jet;byla by jela;INS(b)INS(y)INS(l)INS(a)INS( )INS(b)INS(y)INS( )jeDEL(t)INS(l)INS(a);INS(b),INS(y),INS(l),INS(a),INS( ),INS(b),INS(y),INS( ),INS(l),INS(a);DEL(t)
věda;vědě;vědDEL(a)INS(ě);INS(ě);DEL(a)
hrůza;hrůzám;hrůzDEL(a)INS(á)INS(m);INS(á),INS(m);DEL(a)
spirálný;spirální;spirálnDEL(ý)INS(í);INS(í);DEL(ý)
botanizovat;byly byste botanizovaly;INS(b)INS(y)INS(l)INS(y)INS( )INS(b)INS(y)INS(s)INS(t)INS(e)INS( )botanizovaDEL(t)INS(ly);INS(b),INS(y),INS(l),INS(y),INS( ),INS(b),INS(y),INS(s),INS(t),INS(e),INS( ),INS(ly);DEL(t)
memorovat;memorovavše;memorovaDEL(t)INS(v)INS(š)INS(e);INS(v),INS(š),INS(e);DEL(t)
bábovička;bábovičky;bábovičkDEL(a)INS(y);INS(y);DEL(a)
idylický;idylickou;idylickDEL(ý)INS(o)INS(u);INS(o),INS(u);DEL(ý)
kýchat;kýchali bychom;kýchaDEL(t)INS(l)INS(i)INS( )INS(b)INS(y)INS(c)INS(h)INS(o)INS(m);INS(l),INS(i),INS( ),INS(b),INS(y),INS(c),INS(h),INS(o),INS(m);DEL(t)
jet;jeďme;jINS(e)INS(ď)INS(m)eDEL(t);INS(e),INS(ď),INS(m);DEL(t)
ledový;ledové;ledovDEL(ý)INS(é);INS(é);DEL(ý)
nadšený;nadšeného;nadšenDEL(ý)INS(ého);INS(ého);DEL(ý)
pasažér;pasažérů;pasažérINS(ů);INS(ů);
sublimovat;sublimovala jsi;sublimovaDEL(t)INS(l)INS(a)INS( )INS(j)INS(s)INS(i);INS(l),INS(a),INS( ),INS(j),INS(s),INS(i);DEL(t)
bezbolestný;bezbolestní;bezbolestnDEL(ý)INS(í);INS(í);DEL(ý)
záhada;záhady;záhadDEL(a)INS(y);INS(y);DEL(a)
molární;molarního;molDEL(á)INS(a)rníINS(h)INS(o);INS(a),INS(h),INS(o);DEL(á)
džem;džem;džem;;
perón;peróny;perónINS(y);INS(y);
několikanásobný;několikanásobnému;několikanásobnDEL(ý)INS(é)INS(mu);INS(é),INS(mu);DEL(ý)
lidský;lidskou;lidskDEL(ý)INS(o)INS(u);INS(o),INS(u);DEL(ý)
metropolitní;metropolitními;metropolitníINS(mi);INS(mi);
skladba;skladbě;skladbDEL(a)INS(ě);INS(ě);DEL(a)
fotografovat;fotografovalo bych;fotografovaDEL(t)INS(l)INS(o)INS( )INS(b)INS(y)INS(c)INS(h);INS(l),INS(o),INS( ),INS(b),INS(y),INS(c),INS(h);DEL(t)
vůle;vůlemi;vůleINS(mi);INS(mi);
mumlání;mumláních;mumláníINS(c)INS(h);INS(c),INS(h);
bezbožný;bezbožných;bezbožnýINS(c)INS(h);INS(c),INS(h);
ozbrojený;ozbrojeného;ozbrojenDEL(ý)INS(ého);INS(ého);DEL(ý)
rtuť;rtutí;rtuDEL(ť)INS(t)INS(í);INS(t),INS(í);DEL(ť)
televize;televizemi;televizeINS(mi);INS(mi);
cynický;cynické;cynickDEL(ý)INS(é);INS(é);DEL(ý)
sprostý;sprostý;sprostý;;
zadoufat;zadoufali;zadoufaDEL(t)INS(l)INS(i);INS(l),INS(i);DEL(t)
počitkový;počitkové;počitkovDEL(ý)INS(é);INS(é);DEL(ý)
identický;identickému;identickDEL(ý)INS(é)INS(mu);INS(é),INS(mu);DEL(ý)
východoevropský;‎východoevropská;INS(‎)východoevropskDEL(ý)INS(á);INS(‎),INS(á);DEL(ý)
zajímavý;zajímavé;zajímavDEL(ý)INS(é);INS(é);DEL(ý)
biochemický;biochemických;biochemickýINS(c)INS(h);INS(c),INS(h);
menšina;menšinami;menšinaINS(mi);INS(mi);
výbuch;výbuchu;výbuchINS(u);INS(u);
bezpatkový;bezpatkové;bezpatkovDEL(ý)INS(é);INS(é);DEL(ý)
bezstavový;bezstavovém;bezstavovDEL(ý)INS(é)INS(m);INS(é),INS(m);DEL(ý)
leknín;lekníny;leknínINS(y);INS(y);
půda;půdami;půdaINS(mi);INS(mi);
přirovnání;přirovnání;přirovnání;;
restartovat;restartoval;restartovaDEL(t)INS(l);INS(l);DEL(t)
nedřevnatý;nedřevnatým;nedřevnatýINS(m);INS(m);
gratulovat;gratulovavši;gratulovaDEL(t)INS(v)INS(š)INS(i);INS(v),INS(š),INS(i);DEL(t)
představa;představu;představDEL(a)INS(u);INS(u);DEL(a)
motivovat;motivovala jsi;motivovaDEL(t)INS(l)INS(a)INS( )INS(j)INS(s)INS(i);INS(l),INS(a),INS( ),INS(j),INS(s),INS(i);DEL(t)
profesor;profesorům;profesorINS(ů)INS(m);INS(ů),INS(m);
nultý;nulté;nultDEL(ý)INS(é);INS(é);DEL(ý)
humr;humra;humrINS(a);INS(a);
derivovat;derivoval jste;derivovaINS(l)INS( )INS(j)INS(s)tINS(e);INS(l),INS( ),INS(j),INS(s),INS(e);
