Source;Target;Combined;Inserts;Deletes;Grammar
pīt;pinam;pDEL(ī)DEL(t)INS(i)INS(n)INS(a)INS(m);INS(i),INS(n),INS(a),INS(m);DEL(ī),DEL(t);V,V.PTCP,PRS,LGSPEC6
topoloģisks;topoloģiskos;topoloģiskINS(o)s;INS(o);;ADJ,INST,PL,MASC
vieglais;vieglie;vieglDEL(a)iDEL(s)INS(e);INS(e);DEL(a),DEL(s);ADJ,LOC,PL,MASC
visbaltkrieviskākais;visbaltkrieviskākajiem;visbaltkrieviskākaINS(j)iDEL(s)INS(em);INS(j),INS(em);DEL(s);ADJ,DAT,PL,MASC
nacionālistiskais;nacionālistiskos;nacionālistiskDEL(ai)INS(o)s;INS(o);DEL(ai);ADJ,NOM,PL,MASC
dārzkopis;dārzkopi;dārzkopiDEL(s);;DEL(s);N,ACC,SG
apbrīnot;apbrīnošu;apbrīnoDEL(t)INS(š)INS(u);INS(š),INS(u);DEL(t);V,1,SG,FUT,IND
nebēdnīgākais;nebēdnīgākās;nebēdnīgākDEL(ai)INS(ā)s;INS(ā);DEL(ai);ADJ,NOM,PL,FEM
raupjāks;raupjāku;raupjākDEL(s)INS(u);INS(u);DEL(s);ADJ,ACC,PL,MASC
nevārīt;nevārījām;nevārīDEL(t)INS(jām);INS(jām);DEL(t);V,1,PL,PST,IND
gubumākonis;gubumākoņos;gubumākINS(o)INS(ņ)oDEL(n)DEL(i)s;INS(o),INS(ņ);DEL(n),DEL(i);N,LOC,PL
nespodrais;nespodro;nespodrDEL(ais)INS(o);INS(o);DEL(ais);ADJ,DAT,SG,FEM
uzbekiskākais;uzbekiskākajiem;uzbekiskākaINS(j)iDEL(s)INS(em);INS(j),INS(em);DEL(s);ADJ,GEN,PL,MASC
vissātaniskākais;vissātaniskākajā;vissātaniskākaDEL(is)INS(jā);INS(jā);DEL(is);ADJ,INST,SG,MASC
vistaizemiskākais;vistaizemiskākā;vistaizemiskākDEL(ais)INS(ā);INS(ā);DEL(ais);ADJ,ACC,SG,MASC
uzbekiskākais;uzbekiskākajā;uzbekiskākaDEL(is)INS(jā);INS(jā);DEL(is);ADJ,INST,SG,FEM
ūsains;ūsainu;ūsainDEL(s)INS(u);INS(u);DEL(s);ADJ,NOM,SG,MASC
latīnis;latīņos;latīDEL(n)DEL(i)INS(ņ)INS(o)s;INS(ņ),INS(o);DEL(n),DEL(i);N,LOC,PL
ziņkārais;ziņkārajiem;ziņkāraINS(j)iDEL(s)INS(em);INS(j),INS(em);DEL(s);ADJ,DAT,PL,MASC
nezīdīt;nezīda;nezīdDEL(ī)DEL(t)INS(a);INS(a);DEL(ī),DEL(t);V,3,SG,PRS,IND
duraks;durakiem;durakDEL(s)INS(iem);INS(iem);DEL(s);N,INST,PL
zaudēt;zaudējot;zaudēINS(jo)t;INS(jo);;V,V.PTCP,PRS,LGSPEC5
aktīvāks;aktīvāku;aktīvākDEL(s)INS(u);INS(u);DEL(s);ADJ,DAT,SG,MASC
vārtsargs;vārtsargs;vārtsargs;;;N,NOM,SG
bālums;bālumam;bāluINS(m)INS(a)mDEL(s);INS(m),INS(a);DEL(s);N,DAT,SG
visdziļākais;visdziļākā;visdziļākDEL(ais)INS(ā);INS(ā);DEL(ais);ADJ,ACC,SG,MASC
miesīgais;miesīgās;miesīgDEL(ai)INS(ā)s;INS(ā);DEL(ai);ADJ,NOM,PL,FEM
bezjēdzīgāks;bezjēdzīgāku;bezjēdzīgākDEL(s)INS(u);INS(u);DEL(s);ADJ,ACC,PL,MASC
baznedce;baznedces;baznedceINS(s);INS(s);;N,VOC,PL
pieart;pieartu;pieartINS(u);INS(u);;V,COND,PRS
nejokot;neesot jājoko;neINS(e)INS(s)INS(o)INS(t)INS( )INS(j)INS(ā)jokoDEL(t);INS(e),INS(s),INS(o),INS(t),INS( ),INS(j),INS(ā);DEL(t);V,LGSPEC2,LGSPEC7
kārpa;kārpā;kārpDEL(a)INS(ā);INS(ā);DEL(a);N,LOC,SG
estētiskais;estētiskajiem;estētiskaINS(j)iDEL(s)INS(em);INS(j),INS(em);DEL(s);ADJ,DAT,PL,MASC
svainis;svaiņus;svaDEL(i)DEL(n)iINS(ņ)INS(u)s;INS(ņ),INS(u);DEL(i),DEL(n);N,ACC,PL
smukāks;smukākas;smukākINS(a)s;INS(a);;ADJ,NOM,PL,FEM
dievišķais;dievišķās;dievišķDEL(ai)INS(ā)s;INS(ā);DEL(ai);ADJ,LOC,PL,FEM
krāsns;krāšņu;krāDEL(s)DEL(n)DEL(s)INS(š)INS(ņ)INS(u);INS(š),INS(ņ),INS(u);DEL(s),DEL(n),DEL(s);N,GEN,PL
spannis;spannis;spannis;;;N,NOM,SG
anormālākais;anormālākajām;anormālākaDEL(is)INS(jām);INS(jām);DEL(is);ADJ,DAT,PL,FEM
visdīvainākais;visdīvaināko;visdīvainākDEL(ais)INS(o);INS(o);DEL(ais);ADJ,DAT,SG,MASC
visslaikākais;visslaikākās;visslaikākDEL(ai)INS(ā)s;INS(ā);DEL(ai);ADJ,ACC,SG,FEM
kosoviskāks;kosoviskākās;kosoviskākINS(ā)s;INS(ā);;ADJ,INST,PL,FEM
helikopters;helikopters;helikopters;;;N,NOM,SG
statistika;statistiku;statistikDEL(a)INS(u);INS(u);DEL(a);N,ACC,SG
svešādāks;svešādākās;svešādākINS(ā)s;INS(ā);;ADJ,INST,PL,FEM
vismuļķīgākais;vismuļķīgākās;vismuļķīgākDEL(ai)INS(ā)s;INS(ā);DEL(ai);ADJ,ACC,SG,FEM
slimnieks;slimnieka;slimniekDEL(s)INS(a);INS(a);DEL(s);N,GEN,SG
nepateicīgāks;nepateicīgākos;nepateicīgākINS(o)s;INS(o);;ADJ,INST,PL,MASC
raupjš;raupju;raupjDEL(š)INS(u);INS(u);DEL(š);ADJ,ACC,PL,FEM
nespriest;nespriedīsim;nesprieINS(d)INS(ī)sDEL(t)INS(i)INS(m);INS(d),INS(ī),INS(i),INS(m);DEL(t);V,1,PL,IMP
filtrs;filtrā;filtrDEL(s)INS(ā);INS(ā);DEL(s);N,LOC,SG
visciešākais;visciešākā;visciešākDEL(ais)INS(ā);INS(ā);DEL(ais);ADJ,ACC,SG,MASC
izraēliskāks;izraēliskākos;izraēliskākINS(o)s;INS(o);;ADJ,INST,PL,MASC
alata;alata;alata;;;N,NOM,SG
visslaidākais;visslaidākajām;visslaidākaDEL(is)INS(jām);INS(jām);DEL(is);ADJ,GEN,PL,FEM
kauls;kauls;kauls;;;N,NOM,SG
mākoņainība;mākoņainībai;mākoņainībaINS(i);INS(i);;N,DAT,SG
ugunīgs;ugunīgiem;ugunīgDEL(s)INS(iem);INS(iem);DEL(s);ADJ,DAT,PL,MASC
starptautisks;starptautiskas;starptautiskINS(a)s;INS(a);;ADJ,NOM,PL,FEM
neglītāks;neglītākiem;neglītākDEL(s)INS(iem);INS(iem);DEL(s);ADJ,DAT,PL,MASC
lauve;lauvju;lauvDEL(e)INS(j)INS(u);INS(j),INS(u);DEL(e);N,GEN,PL
caurākais;caurākais;caurākais;;;ADJ,LOC,SG,MASC
piektdaļa;piektdaļas;piektdaļaINS(s);INS(s);;N,VOC,PL
gārša;gāršai;gāršaINS(i);INS(i);;N,DAT,SG
starptautiskais;starptautiskajā;starptautiskaDEL(is)INS(jā);INS(jā);DEL(is);ADJ,INST,SG,FEM
epistemoloģisks;epistemoloģisku;epistemoloģiskDEL(s)INS(u);INS(u);DEL(s);ADJ,DAT,SG,FEM
dīvainākais;dīvainākās;dīvainākDEL(ai)INS(ā)s;INS(ā);DEL(ai);ADJ,ACC,SG,FEM
āboliņš;āboliņos;āboliņDEL(š)INS(o)INS(s);INS(o),INS(s);DEL(š);N,LOC,PL
vājredzīgs;vājredzīgam;vājredzīgDEL(s)INS(a)INS(m);INS(a),INS(m);DEL(s);ADJ,GEN,SG,MASC
spējīgais;spējīgajām;spējīgaDEL(is)INS(jām);INS(jām);DEL(is);ADJ,GEN,PL,FEM
daugavpiliete;daugavpilietes;daugavpilieteINS(s);INS(s);;N,NOM,PL
vājprātīgais;vājprātīgo;vājprātīgDEL(ais)INS(o);INS(o);DEL(ais);ADJ,NOM,SG,MASC
federatīvais;federatīvajām;federatīvaDEL(is)INS(jām);INS(jām);DEL(is);ADJ,GEN,PL,FEM
nocepšana;nocepšanai;nocepšanaINS(i);INS(i);;N,DAT,SG
viskurlākais;viskurlākajā;viskurlākaDEL(is)INS(jā);INS(jā);DEL(is);ADJ,INST,SG,FEM
rezultatīvais;rezultatīvo;rezultatīvDEL(ais)INS(o);INS(o);DEL(ais);ADJ,NOM,SG,MASC
dāniskāks;dāniskākām;dāniskākDEL(s)INS(ām);INS(ām);DEL(s);ADJ,GEN,PL,FEM
erozija;erozijā;erozijDEL(a)INS(ā);INS(ā);DEL(a);N,LOC,SG
apvienot;apvienojot;apvienINS(o)INS(j)ot;INS(o),INS(j);;V,LGSPEC1,PRS
ziņkārs;ziņkāru;ziņkārDEL(s)INS(u);INS(u);DEL(s);ADJ,ACC,PL,MASC
kāsis;kāsi;kāsiDEL(s);;DEL(s);N,VOC,SG
tualetes papīrs;tualetes papīrs;tualetes papīrs;;;N,NOM,SG
simbolistiskāks;simbolistiskākās;simbolistiskākINS(ā)s;INS(ā);;ADJ,INST,PL,FEM
visblāvākais;visblāvākajam;visblāvākaDEL(is)INS(j)INS(am);INS(j),INS(am);DEL(is);ADJ,GEN,SG,MASC
nenormālāks;nenormālāku;nenormālākDEL(s)INS(u);INS(u);DEL(s);ADJ,DAT,SG,FEM
visūdeņainākais;visūdeņaināko;visūdeņainākDEL(ais)INS(o);INS(o);DEL(ais);ADJ,NOM,SG,MASC
prostituēšanās;prostituēšanās;prostituēšanās;;;N,NOM,SG
mazturīgākais;mazturīgākās;mazturīgākDEL(ai)INS(ā)s;INS(ā);DEL(ai);ADJ,NOM,PL,FEM
socioloģisks;socioloģiskām;socioloģiskDEL(s)INS(ām);INS(ām);DEL(s);ADJ,GEN,PL,FEM
pavēlniecisks;pavēlnieciskas;pavēlnieciskINS(a)s;INS(a);;ADJ,ACC,SG,FEM
vasarīgāks;vasarīgāku;vasarīgākDEL(s)INS(u);INS(u);DEL(s);ADJ,NOM,SG,FEM
nepareizākais;nepareizākās;nepareizākDEL(ai)INS(ā)s;INS(ā);DEL(ai);ADJ,NOM,PL,FEM
vissapņainākais;vissapņaināko;vissapņainākDEL(ais)INS(o);INS(o);DEL(ais);ADJ,ACC,PL,FEM
nedzelt;nedzēlāt;nedzDEL(e)INS(ē)lINS(ā)t;INS(ē),INS(ā);DEL(e);V,2,PL,PST,IND
vate;vatē;vatDEL(e)INS(ē);INS(ē);DEL(e);N,LOC,SG
jemenietis;jemeniešus;jemenieDEL(t)DEL(i)INS(š)INS(u)s;INS(š),INS(u);DEL(t),DEL(i);N,ACC,PL
begemots;begemotam;begemotDEL(s)INS(a)INS(m);INS(a),INS(m);DEL(s);N,DAT,SG
andorietis;andorieši;andorieDEL(t)INS(š)iDEL(s);INS(š);DEL(t),DEL(s);N,NOM,PL
ērkšķis;ērkšķos;ērkšķDEL(i)INS(o)s;INS(o);DEL(i);N,LOC,PL
eiropejiskākais;eiropejiskāko;eiropejiskākDEL(ais)INS(o);INS(o);DEL(ais);ADJ,DAT,SG,FEM
melīgais;melīgā;melīgDEL(ais)INS(ā);INS(ā);DEL(ais);ADJ,ACC,SG,MASC
ģist;ģied;ģiDEL(s)DEL(t)INS(e)INS(d);INS(e),INS(d);DEL(s),DEL(t);V,2,SG,IMP
aziātiskākais;aziātiskākās;aziātiskākDEL(ai)INS(ā)s;INS(ā);DEL(ai);ADJ,NOM,PL,FEM
ciliārķermenis;ciliārķermeņi;ciliārķermeDEL(n)INS(ņ)iDEL(s);INS(ņ);DEL(n),DEL(s);N,NOM,PL
fluors;fluors;fluors;;;N,NOM,SG
cietoksnis;cietokšņi;cietokDEL(s)DEL(n)INS(š)INS(ņ)iDEL(s);INS(š),INS(ņ);DEL(s),DEL(n),DEL(s);N,NOM,PL
mīlākais;mīlākajiem;mīlākaINS(j)iDEL(s)INS(em);INS(j),INS(em);DEL(s);ADJ,GEN,PL,MASC
vingrais;vingrā;vingrDEL(ais)INS(ā);INS(ā);DEL(ais);ADJ,ACC,SG,MASC
debess;debesi;debeDEL(s)sINS(i);INS(i);DEL(s);N,INST,SG
reliģiskākais;reliģiskākos;reliģiskākDEL(ai)INS(o)s;INS(o);DEL(ai);ADJ,NOM,PL,MASC
šunelis;šunelī;šunelDEL(is)INS(ī);INS(ī);DEL(is);N,LOC,SG
zīdīt;zīdot;zīdDEL(ī)INS(o)t;INS(o);DEL(ī);V,LGSPEC1,PRS
miegaināks;miegainākiem;miegainākDEL(s)INS(iem);INS(iem);DEL(s);ADJ,GEN,PL,MASC
store;storu;storDEL(e)INS(u);INS(u);DEL(e);N,GEN,PL
priekšstats;priekšstatu;priekšstatDEL(s)INS(u);INS(u);DEL(s);N,ACC,SG
raudulīgākais;raudulīgāko;raudulīgākDEL(ais)INS(o);INS(o);DEL(ais);ADJ,DAT,SG,FEM
simboliskāks;simboliskākai;simboliskākDEL(s)INS(a)INS(i);INS(a),INS(i);DEL(s);ADJ,GEN,SG,FEM
ontoloģiskais;ontoloģisko;ontoloģiskDEL(ais)INS(o);INS(o);DEL(ais);ADJ,DAT,SG,MASC
daiļāks;daiļākai;daiļākDEL(s)INS(a)INS(i);INS(a),INS(i);DEL(s);ADJ,GEN,SG,FEM
tapt;topam;tINS(o)INS(p)aDEL(p)DEL(t)INS(m);INS(o),INS(p),INS(m);DEL(p),DEL(t);V,1,PL,PRS,IND
iecept;iecepu;iecepDEL(t)INS(u);INS(u);DEL(t);V,1,SG,PRS,IND
mist;mītiet;mINS(ī)INS(t)iDEL(s)INS(e)t;INS(ī),INS(t),INS(e);DEL(s);V,2,PL,IMP
nedot;nedevāt;nedDEL(o)INS(e)INS(v)INS(ā)t;INS(e),INS(v),INS(ā);DEL(o);V,2,PL,PST,IND
piederēt;piederot;piederDEL(ē)INS(o)t;INS(o);DEL(ē);V,V.PTCP,PRS,LGSPEC5
paart;paarts;paartINS(s);INS(s);;V,V.PTCP,PST,PASS
vismīkstākais;vismīkstākajai;vismīkstākINS(a)INS(j)aiDEL(s);INS(a),INS(j);DEL(s);ADJ,GEN,SG,FEM
visarktiskākais;visarktiskākie;visarktiskākDEL(a)iDEL(s)INS(e);INS(e);DEL(a),DEL(s);ADJ,LOC,PL,MASC
lingvistiskais;lingvistiskā;lingvistiskDEL(ais)INS(ā);INS(ā);DEL(ais);ADJ,ACC,SG,MASC
šķēde;šķēdēm;šķēdDEL(e)INS(ē)INS(m);INS(ē),INS(m);DEL(e);N,INST,PL
nesākt;lai nesāk;INS(l)INS(a)INS(i)INS( )nesākDEL(t);INS(l),INS(a),INS(i),INS( );DEL(t);V,3,SG,IMP
svaine;svaines;svaineINS(s);INS(s);;N,ACC,PL
eļļa;eļļām;eļļDEL(a)INS(ām);INS(ām);DEL(a);N,DAT,PL
valodīgais;valodīgajām;valodīgaDEL(is)INS(jām);INS(jām);DEL(is);ADJ,GEN,PL,FEM
visņiprākais;visņiprākais;visņiprākais;;;ADJ,LOC,SG,MASC
mironis;mironī;mironDEL(is)INS(ī);INS(ī);DEL(is);N,LOC,SG
zīdīt;esot zīdījis;INS(e)INS(s)INS(o)INS(t)INS( )zīdīDEL(t)INS(j)INS(is);INS(e),INS(s),INS(o),INS(t),INS( ),INS(j),INS(is);DEL(t);V,LGSPEC1,PST
atbildēt;lai atbild;INS(l)INS(a)INS(i)INS( )atbildDEL(ē)DEL(t);INS(l),INS(a),INS(i),INS( );DEL(ē),DEL(t);V,3,PL,IMP
bēdīgākais;bēdīgākās;bēdīgākDEL(ai)INS(ā)s;INS(ā);DEL(ai);ADJ,ACC,SG,FEM
neiedot;neiedot;neiedot;;;V,NFIN
valodniecība;valodniecība;valodniecība;;;N,VOC,SG
tēvs;tēvā;tēvDEL(s)INS(ā);INS(ā);DEL(s);N,LOC,SG
truļais;truļo;truļDEL(ais)INS(o);INS(o);DEL(ais);ADJ,DAT,SG,MASC
aizspriedums;aizspriedumiem;aizsprieduINS(m)INS(ie)mDEL(s);INS(m),INS(ie);DEL(s);N,INST,PL
nestrādāšana;nestrādāšanas;nestrādāšanaINS(s);INS(s);;N,GEN,SG
liet;lejat;lDEL(i)eINS(j)INS(a)t;INS(j),INS(a);DEL(i);V,2,PL,PRS,IND
atvasara;atvasarām;atvasarDEL(a)INS(ām);INS(ām);DEL(a);N,INST,PL
plašs;plašu;plašDEL(s)INS(u);INS(u);DEL(s);ADJ,DAT,SG,MASC
slimais;slimajai;slimINS(a)INS(j)aiDEL(s);INS(a),INS(j);DEL(s);ADJ,GEN,SG,FEM
eiropejiskākais;eiropejiskāko;eiropejiskākDEL(ais)INS(o);INS(o);DEL(ais);ADJ,ACC,PL,MASC
zīdināt;esot jāzīdina;INS(e)INS(s)INS(o)INS(t)INS( )INS(j)INS(ā)zīdinDEL(ā)DEL(t)INS(a);INS(e),INS(s),INS(o),INS(t),INS( ),INS(j),INS(ā),INS(a);DEL(ā),DEL(t);V,LGSPEC2,LGSPEC7
sausāks;sausākām;sausākDEL(s)INS(ām);INS(ām);DEL(s);ADJ,DAT,PL,FEM
septiņnieks;septiņnieku;septiņniekDEL(s)INS(u);INS(u);DEL(s);N,INST,SG
spanis;spani;spaniDEL(s);;DEL(s);N,ACC,SG
dāsnāks;dāsnākām;dāsnākDEL(s)INS(ām);INS(ām);DEL(s);ADJ,GEN,PL,FEM
miesīgākais;miesīgāko;miesīgākDEL(ais)INS(o);INS(o);DEL(ais);ADJ,ACC,PL,FEM
bulgāriskākais;bulgāriskākajam;bulgāriskākaDEL(is)INS(j)INS(am);INS(j),INS(am);DEL(is);ADJ,GEN,SG,MASC
ejakulēt;ejakulējām;ejakulēDEL(t)INS(jām);INS(jām);DEL(t);V,1,PL,PST,IND
jemenietis;jemeniešiem;jemenieDEL(t)DEL(is)INS(š)INS(iem);INS(š),INS(iem);DEL(t),DEL(is);N,DAT,PL
klinšainākais;klinšainākie;klinšainākDEL(a)iDEL(s)INS(e);INS(e);DEL(a),DEL(s);ADJ,LOC,PL,MASC
muļķīgākais;muļķīgākā;muļķīgākDEL(ais)INS(ā);INS(ā);DEL(ais);ADJ,LOC,SG,FEM
kalnainākais;kalnainākajiem;kalnainākaINS(j)iDEL(s)INS(em);INS(j),INS(em);DEL(s);ADJ,DAT,PL,MASC
knašais;knašie;knašDEL(a)iDEL(s)INS(e);INS(e);DEL(a),DEL(s);ADJ,LOC,PL,MASC
zemniece;zemnieces;zemnieceINS(s);INS(s);;N,GEN,SG
telefonēšana;telefonēšana;telefonēšana;;;N,VOC,SG
vāverēns;vāverēna;vāverēnDEL(s)INS(a);INS(a);DEL(s);N,GEN,SG
britiskais;britisko;britiskDEL(ais)INS(o);INS(o);DEL(ais);ADJ,NOM,SG,FEM
bēda;bēdu;bēdDEL(a)INS(u);INS(u);DEL(a);N,INST,SG
sociālistiskais;sociālistiskie;sociālistiskDEL(a)iDEL(s)INS(e);INS(e);DEL(a),DEL(s);ADJ,LOC,PL,MASC
mājdzīvnieks;mājdzīvniekus;mājdzīvniekINS(u)s;INS(u);;N,ACC,PL
nebēdne;nebēdni;nebēdnDEL(e)INS(i);INS(i);DEL(e);N,INST,SG
eiropeiskākais;eiropeiskāko;eiropeiskākDEL(ais)INS(o);INS(o);DEL(ais);ADJ,ACC,PL,FEM
gailis;gaiļiem;gaiDEL(l)DEL(is)INS(ļ)INS(i)INS(e)INS(m);INS(ļ),INS(i),INS(e),INS(m);DEL(l),DEL(is);N,INST,PL
kompjūters;kompjūteru;kompjūterDEL(s)INS(u);INS(u);DEL(s);N,INST,SG
nerunāt;nerunājot;nerunāINS(jo)t;INS(jo);;V,V.PTCP,PRS,LGSPEC5
abate;abates;abateINS(s);INS(s);;N,VOC,PL
komēta;komētām;komētDEL(a)INS(ām);INS(ām);DEL(a);N,INST,PL
nesaprašana;nesaprašanas;nesaprašanaINS(s);INS(s);;N,GEN,SG
mēļākais;mēļākās;mēļākDEL(ai)INS(ā)s;INS(ā);DEL(ai);ADJ,LOC,PL,FEM
cilvēciskāks;cilvēciskākai;cilvēciskākDEL(s)INS(a)INS(i);INS(a),INS(i);DEL(s);ADJ,GEN,SG,FEM
nerast;neradīs;neraINS(d)INS(ī)sDEL(t);INS(d),INS(ī);DEL(t);V,3,PL,FUT,IND
raksturīgums;raksturīguma;raksturīgumDEL(s)INS(a);INS(a);DEL(s);N,GEN,SG
pacept;lai pacep;INS(l)INS(a)INS(i)INS( )pacepDEL(t);INS(l),INS(a),INS(i),INS( );DEL(t);V,3,PL,IMP
milzīgais;milzīgās;milzīgDEL(ai)INS(ā)s;INS(ā);DEL(ai);ADJ,LOC,PL,FEM
nenāvēt;nenāvējis;nenāvēDEL(t)INS(j)INS(is);INS(j),INS(is);DEL(t);V,V.PTCP,PST,ACT
realizēt;realizējot;realizēINS(jo)t;INS(jo);;V,V.PTCP,PRS,LGSPEC5
rupja vīle;rupju vīli;rupjDEL(a)INS(u) vīlDEL(e)INS(i);INS(u),INS(i);DEL(a),DEL(e);N,ACC,SG
amerikāniskākais;amerikāniskākos;amerikāniskākDEL(ai)INS(o)s;INS(o);DEL(ai);ADJ,NOM,PL,MASC
horvātiskais;horvātisko;horvātiskDEL(ais)INS(o);INS(o);DEL(ais);ADJ,DAT,SG,MASC
knauslis;knauslis;knauslis;;;N,NOM,SG
nemirst;nemirsu;nemirsDEL(t)INS(u);INS(u);DEL(t);V,1,SG,PST,IND
neprostituēties;neprostituējies;neprostituēDEL(t)INS(j)ies;INS(j);DEL(t);V,2,SG,IMP
trusene;truseņu;trusDEL(e)DEL(n)eINS(ņ)INS(u);INS(ņ),INS(u);DEL(e),DEL(n);N,GEN,PL
velsisks;velsiskus;velsiskINS(u)s;INS(u);;ADJ,NOM,PL,MASC
necaurredzamākais;necaurredzamākajā;necaurredzamākaDEL(is)INS(jā);INS(jā);DEL(is);ADJ,INST,SG,MASC
nestumt;nestumsim;nestuINS(m)INS(s)INS(i)mDEL(t);INS(m),INS(s),INS(i);DEL(t);V,1,PL,IMP
milzīgums;milzīgumam;milzīguINS(m)INS(a)mDEL(s);INS(m),INS(a);DEL(s);N,DAT,SG
bāra bērns;bāra bērniem;bāra bērnDEL(s)INS(iem);INS(iem);DEL(s);N,DAT,PL
filozofiskāks;filozofiskāku;filozofiskākDEL(s)INS(u);INS(u);DEL(s);ADJ,DAT,SG,MASC
nemazgāt;nemazgāsim;nemazgāDEL(t)INS(s)INS(im);INS(s),INS(im);DEL(t);V,1,PL,FUT,IND
ķīsis;ķīsis;ķīsis;;;N,NOM,SG
dzīvāks;dzīvāku;dzīvākDEL(s)INS(u);INS(u);DEL(s);ADJ,DAT,SG,FEM
nesmaidīt;nesmaidīsi;nesmaidīDEL(t)INS(s)INS(i);INS(s),INS(i);DEL(t);V,2,SG,FUT,IND
nezīst;nezīzdams;nezīINS(z)INS(d)INS(a)INS(m)sDEL(t);INS(z),INS(d),INS(a),INS(m);DEL(t);V,V.PTCP,PRS,LGSPEC4
šūna;šūna;šūna;;;N,VOC,SG
mutīgākais;mutīgākajā;mutīgākaDEL(is)INS(jā);INS(jā);DEL(is);ADJ,INST,SG,MASC
vislatviskākais;vislatviskākos;vislatviskākDEL(ai)INS(o)s;INS(o);DEL(ai);ADJ,NOM,PL,MASC
iztulkošana;iztulkošanas;iztulkošanaINS(s);INS(s);;N,ACC,PL
sila strazds;sila strazdos;sila strazdINS(o)s;INS(o);;N,LOC,PL
debates;debatēs;debatDEL(e)INS(ē)s;INS(ē);DEL(e);N,LOC,PL
ūsains;ūsainas;ūsainINS(a)s;INS(a);;ADJ,NOM,PL,FEM
realizēt;realizējam;realizēDEL(t)INS(j)INS(am);INS(j),INS(am);DEL(t);V,1,PL,PRS,IND
malārijods;malārijodu;malārijodDEL(s)INS(u);INS(u);DEL(s);N,GEN,PL
nenazalizēt;nenazalizēsit;nenazalizēINS(s)INS(i)t;INS(s),INS(i);;V,2,PL,FUT,IND
resns;resniem;resnDEL(s)INS(iem);INS(iem);DEL(s);ADJ,GEN,PL,MASC
ērkšķaināks;ērkšķainākiem;ērkšķainākDEL(s)INS(iem);INS(iem);DEL(s);ADJ,DAT,PL,MASC
vistumšmatainākais;vistumšmataināko;vistumšmatainākDEL(ais)INS(o);INS(o);DEL(ais);ADJ,DAT,SG,MASC
pastniece;pastniece;pastniece;;;N,NOM,SG
vislokanākais;vislokanākā;vislokanākDEL(ais)INS(ā);INS(ā);DEL(ais);ADJ,LOC,SG,FEM
nemantīgs;nemantīgos;nemantīgINS(o)s;INS(o);;ADJ,INST,PL,MASC
truļāks;truļākas;truļākINS(a)s;INS(a);;ADJ,ACC,SG,FEM
bagātināt;bagātināsi;bagātināDEL(t)INS(s)INS(i);INS(s),INS(i);DEL(t);V,2,SG,FUT,IND
visspožākais;visspožākos;visspožākDEL(ai)INS(o)s;INS(o);DEL(ai);ADJ,NOM,PL,MASC
patiesākais;patiesākos;patiesākDEL(ai)INS(o)s;INS(o);DEL(ai);ADJ,NOM,PL,MASC
nebēdīgums;nebēdīgum;nebēdīgumDEL(s);;DEL(s);N,VOC,SG
ietekmīgais;ietekmīgo;ietekmīgDEL(ais)INS(o);INS(o);DEL(ais);ADJ,DAT,SG,MASC
nedancināt;nedancinājis;nedancināDEL(t)INS(j)INS(is);INS(j),INS(is);DEL(t);V,V.PTCP,PST,ACT
ateroskleroze;aterosklerozes;aterosklerozeINS(s);INS(s);;N,GEN,SG
rātenākais;rātenākās;rātenākDEL(ai)INS(ā)s;INS(ā);DEL(ai);ADJ,ACC,SG,FEM
slavenāks;slavenākiem;slavenākDEL(s)INS(iem);INS(iem);DEL(s);ADJ,GEN,PL,MASC
mīlāks;mīlākām;mīlākDEL(s)INS(ām);INS(ām);DEL(s);ADJ,DAT,PL,FEM
iestāde;iestādei;iestādeINS(i);INS(i);;N,DAT,SG
visizraēliskākais;visizraēliskākajiem;visizraēliskākaINS(j)iDEL(s)INS(em);INS(j),INS(em);DEL(s);ADJ,DAT,PL,MASC
staigs;staigai;staigDEL(s)INS(a)INS(i);INS(a),INS(i);DEL(s);ADJ,GEN,SG,FEM
kanādiskākais;kanādiskākajiem;kanādiskākaINS(j)iDEL(s)INS(em);INS(j),INS(em);DEL(s);ADJ,GEN,PL,MASC
nekošana;nekošanu;nekošanDEL(a)INS(u);INS(u);DEL(a);N,INST,SG
istaba;istabas;istabaINS(s);INS(s);;N,NOM,PL
gatavais;gatavā;gatavDEL(ais)INS(ā);INS(ā);DEL(ais);ADJ,LOC,SG,FEM
nekost;nekod;nekoDEL(s)DEL(t)INS(d);INS(d);DEL(s),DEL(t);V,2,SG,IMP
nebloķēt;nebloķēsim;nebloķēDEL(t)INS(s)INS(im);INS(s),INS(im);DEL(t);V,1,PL,IMP
neglābšana;neglābšanu;neglābšanDEL(a)INS(u);INS(u);DEL(a);N,ACC,SG
sūkāt;sūkā;sūkāDEL(t);;DEL(t);V,3,PL,PRS,IND
visslepenākais;visslepenākā;visslepenākDEL(ais)INS(ā);INS(ā);DEL(ais);ADJ,LOC,SG,FEM
nemainīt;nemainām;nemainDEL(ī)DEL(t)INS(ām);INS(ām);DEL(ī),DEL(t);V,1,PL,PRS,IND
kucēns;kucēnos;kucēnINS(o)s;INS(o);;N,LOC,PL
vispilsoniskākais;vispilsoniskāko;vispilsoniskākDEL(ais)INS(o);INS(o);DEL(ais);ADJ,NOM,SG,FEM
tumšākais;tumšākais;tumšākais;;;ADJ,LOC,SG,MASC
visrožainākais;visrožainākajos;visrožainākaDEL(i)INS(jo)s;INS(jo);DEL(i);ADJ,INST,PL,MASC
nepārtulkot;nepārtulko;nepārtulkoDEL(t);;DEL(t);V,2,SG,PRS,IND
auglīgais;auglīgo;auglīgDEL(ais)INS(o);INS(o);DEL(ais);ADJ,NOM,SG,FEM
neapart;neaparsim;neaparDEL(t)INS(s)INS(im);INS(s),INS(im);DEL(t);V,1,PL,IMP
ticēt;ticēšu;ticēDEL(t)INS(š)INS(u);INS(š),INS(u);DEL(t);V,1,SG,FUT,IND
kārtot;kārtosit;kārtoINS(s)INS(i)t;INS(s),INS(i);;V,2,PL,FUT,IND
morāliste;morāliste;morāliste;;;N,NOM,SG
vislieliskākais;vislieliskāko;vislieliskākDEL(ais)INS(o);INS(o);DEL(ais);ADJ,ACC,PL,FEM
tautiete;tautietēm;tautietDEL(e)INS(ē)INS(m);INS(ē),INS(m);DEL(e);N,INST,PL
kardioloģiskais;kardioloģiskie;kardioloģiskDEL(a)iDEL(s)INS(e);INS(e);DEL(a),DEL(s);ADJ,LOC,PL,MASC
grūsnais;grūsnās;grūsnDEL(ai)INS(ā)s;INS(ā);DEL(ai);ADJ,LOC,PL,FEM
dzīvojamā istaba;dzīvojamā istabām;dzīvojamā istabDEL(a)INS(ām);INS(ām);DEL(a);N,DAT,PL
teika;teika;teika;;;N,VOC,SG
neredzēt;neredzēsim;neredzēDEL(t)INS(s)INS(im);INS(s),INS(im);DEL(t);V,1,PL,IMP
raudais;raudos;raudDEL(ai)INS(o)s;INS(o);DEL(ai);ADJ,NOM,PL,MASC
veiklais;veiklo;veiklDEL(ais)INS(o);INS(o);DEL(ais);ADJ,DAT,SG,FEM
pakistānisks;pakistānisku;pakistāniskDEL(s)INS(u);INS(u);DEL(s);ADJ,NOM,SG,FEM
visstaigņākais;visstaigņākā;visstaigņākDEL(ais)INS(ā);INS(ā);DEL(ais);ADJ,LOC,SG,FEM
garlaicīgais;garlaicīgajai;garlaicīgINS(a)INS(j)aiDEL(s);INS(a),INS(j);DEL(s);ADJ,GEN,SG,FEM
pētīt;pētām;pēDEL(t)DEL(ī)tINS(ām);INS(ām);DEL(t),DEL(ī);V,1,PL,PRS,IND
izglītība;izglītības;izglītībaINS(s);INS(s);;N,GEN,SG
kopt;lai kopj;INS(l)INS(a)INS(i)INS( )kopDEL(t)INS(j);INS(l),INS(a),INS(i),INS( ),INS(j);DEL(t);V,3,SG,IMP
jaunums;jaunumus;jaunumINS(u)s;INS(u);;N,ACC,PL
visviesmīlīgākais;visviesmīlīgākajā;visviesmīlīgākaDEL(is)INS(jā);INS(jā);DEL(is);ADJ,INST,SG,FEM
spuldze;spuldzēm;spuldzDEL(e)INS(ē)INS(m);INS(ē),INS(m);DEL(e);N,INST,PL
tievais;tievajiem;tievaINS(j)iDEL(s)INS(em);INS(j),INS(em);DEL(s);ADJ,GEN,PL,MASC
vistumšākais;vistumšākā;vistumšākDEL(ais)INS(ā);INS(ā);DEL(ais);ADJ,LOC,SG,FEM
brūnais;brūnās;brūnDEL(ai)INS(ā)s;INS(ā);DEL(ai);ADJ,NOM,PL,FEM
visspirgtākais;visspirgtākajiem;visspirgtākaINS(j)iDEL(s)INS(em);INS(j),INS(em);DEL(s);ADJ,DAT,PL,MASC
brokastot;brokastos;brokastoDEL(t)INS(s);INS(s);DEL(t);V,3,SG,FUT,IND
dzīvespriecīgākais;dzīvespriecīgākajam;dzīvespriecīgākaDEL(is)INS(j)INS(am);INS(j),INS(am);DEL(is);ADJ,GEN,SG,MASC
dusēt;dusēšot;dusēINS(š)INS(o)t;INS(š),INS(o);;V,LGSPEC1,FUT
neprasīšana;neprasīšanu;neprasīšanDEL(a)INS(u);INS(u);DEL(a);N,ACC,SG
visziemīgākais;visziemīgākajām;visziemīgākaDEL(is)INS(jām);INS(jām);DEL(is);ADJ,DAT,PL,FEM
botāniskais;botānisko;botāniskDEL(ais)INS(o);INS(o);DEL(ais);ADJ,NOM,SG,MASC
komfortablais;komfortablos;komfortablDEL(ai)INS(o)s;INS(o);DEL(ai);ADJ,NOM,PL,MASC
korejiskākais;korejiskākajām;korejiskākaDEL(is)INS(jām);INS(jām);DEL(is);ADJ,DAT,PL,FEM
kanādietis;kanādiešus;kanādieDEL(t)DEL(i)INS(š)INS(u)s;INS(š),INS(u);DEL(t),DEL(i);N,ACC,PL
visaustriskākais;visaustriskāko;visaustriskākDEL(ais)INS(o);INS(o);DEL(ais);ADJ,NOM,SG,MASC
vismitrākais;vismitrāko;vismitrākDEL(ais)INS(o);INS(o);DEL(ais);ADJ,ACC,PL,FEM
anālāks;anālākās;anālākINS(ā)s;INS(ā);;ADJ,INST,PL,FEM
skandināviskais;skandināviskās;skandināviskDEL(ai)INS(ā)s;INS(ā);DEL(ai);ADJ,LOC,PL,FEM
stīvāks;stīvāku;stīvākDEL(s)INS(u);INS(u);DEL(s);ADJ,DAT,SG,MASC
klāt;klāj;klāDEL(t)INS(j);INS(j);DEL(t);V,2,SG,PRS,IND
latve;latve;latve;;;N,VOC,SG
mākonāks;mākonākus;mākonākINS(u)s;INS(u);;ADJ,NOM,PL,MASC
cariskākais;cariskākajām;cariskākaDEL(is)INS(jām);INS(jām);DEL(is);ADJ,DAT,PL,FEM
garāks;garākā;garākDEL(s)INS(ā);INS(ā);DEL(s);ADJ,INST,SG,FEM
latve;latves;latveINS(s);INS(s);;N,NOM,PL
spannis;spaņņos;spaDEL(n)DEL(n)DEL(i)INS(ņ)INS(ņ)INS(o)s;INS(ņ),INS(ņ),INS(o);DEL(n),DEL(n),DEL(i);N,LOC,PL
siltais;siltajiem;siltaINS(j)iDEL(s)INS(em);INS(j),INS(em);DEL(s);ADJ,DAT,PL,MASC
kļūdaināks;kļūdainākās;kļūdainākINS(ā)s;INS(ā);;ADJ,INST,PL,FEM
visdebilākais;visdebilākā;visdebilākDEL(ais)INS(ā);INS(ā);DEL(ais);ADJ,LOC,SG,FEM
visziņkārākais;visziņkārākajās;visziņkārākaDEL(i)INS(jā)s;INS(jā);DEL(i);ADJ,INST,PL,FEM
kustēšana;kustēšanu;kustēšanDEL(a)INS(u);INS(u);DEL(a);N,ACC,SG
domāt;domājam;domāDEL(t)INS(j)INS(am);INS(j),INS(am);DEL(t);V,V.PTCP,PRS,LGSPEC6
neaizstāvēt;neaizstāvēsi;neaizstāvēDEL(t)INS(s)INS(i);INS(s),INS(i);DEL(t);V,2,SG,FUT,IND
gardais;gardajai;gardINS(a)INS(j)aiDEL(s);INS(a),INS(j);DEL(s);ADJ,GEN,SG,FEM
irākiskais;irākiskajām;irākiskaDEL(is)INS(jām);INS(jām);DEL(is);ADJ,DAT,PL,FEM
visgludākais;visgludākajā;visgludākaDEL(is)INS(jā);INS(jā);DEL(is);ADJ,INST,SG,MASC
ministrs;ministri;ministrDEL(s)INS(i);INS(i);DEL(s);N,NOM,PL
visanormālākais;visanormālākajai;visanormālākINS(a)INS(j)aiDEL(s);INS(a),INS(j);DEL(s);ADJ,GEN,SG,FEM
katarietis;katariešiem;katarieDEL(t)DEL(is)INS(š)INS(iem);INS(š),INS(iem);DEL(t),DEL(is);N,DAT,PL
kanādiete;kanādiete;kanādiete;;;N,VOC,SG
viskontinentālākais;viskontinentālākajiem;viskontinentālākaINS(j)iDEL(s)INS(em);INS(j),INS(em);DEL(s);ADJ,GEN,PL,MASC
horvātiskais;horvātiskie;horvātiskDEL(a)iDEL(s)INS(e);INS(e);DEL(a),DEL(s);ADJ,LOC,PL,MASC
oranžīgāks;oranžīgāku;oranžīgākDEL(s)INS(u);INS(u);DEL(s);ADJ,ACC,PL,MASC
apātiskākais;apātiskākā;apātiskākDEL(ais)INS(ā);INS(ā);DEL(ais);ADJ,LOC,SG,FEM
lācēns;lācēns;lācēns;;;N,NOM,SG
mezglainais;mezglainās;mezglainDEL(ai)INS(ā)s;INS(ā);DEL(ai);ADJ,LOC,PL,FEM
labība;labībām;labībDEL(a)INS(ām);INS(ām);DEL(a);N,INST,PL
zvaigzne;zvaigznes;zvaigzneINS(s);INS(s);;N,NOM,PL
rasmīgais;rasmīgajai;rasmīgINS(a)INS(j)aiDEL(s);INS(a),INS(j);DEL(s);ADJ,GEN,SG,FEM
mikstais;miksto;mikstDEL(ais)INS(o);INS(o);DEL(ais);ADJ,NOM,SG,MASC
vismetafiziskākais;vismetafiziskākajos;vismetafiziskākaDEL(i)INS(jo)s;INS(jo);DEL(i);ADJ,INST,PL,MASC
ortogrāfisks;ortogrāfisku;ortogrāfiskDEL(s)INS(u);INS(u);DEL(s);ADJ,DAT,SG,FEM
atart;esot ataris;INS(e)INS(s)INS(o)INS(t)INS( )atarDEL(t)INS(i)INS(s);INS(e),INS(s),INS(o),INS(t),INS( ),INS(i),INS(s);DEL(t);V,LGSPEC1,PST
vieta;vietās;vietDEL(a)INS(ā)INS(s);INS(ā),INS(s);DEL(a);N,LOC,PL
neziemot;neziemotu;neziemotINS(u);INS(u);;V,COND,PRS
visvelsiskākais;visvelsiskākajās;visvelsiskākaDEL(i)INS(jā)s;INS(jā);DEL(i);ADJ,INST,PL,FEM
liegt;liedzam;lieDEL(g)DEL(t)INS(d)INS(z)INS(a)INS(m);INS(d),INS(z),INS(a),INS(m);DEL(g),DEL(t);V,1,PL,PRS,IND
saldenākais;saldenāko;saldenākDEL(ais)INS(o);INS(o);DEL(ais);ADJ,NOM,SG,MASC
rupjais;rupjo;rupjDEL(ais)INS(o);INS(o);DEL(ais);ADJ,ACC,PL,FEM
fizioloģiskais;fizioloģisko;fizioloģiskDEL(ais)INS(o);INS(o);DEL(ais);ADJ,ACC,PL,MASC
cūku kūts;cūku kūts;cūku kūts;;;N,GEN,SG
strēlnieks;strēlniekam;strēlniekDEL(s)INS(a)INS(m);INS(a),INS(m);DEL(s);N,DAT,SG
visturciskākais;visturciskāko;visturciskākDEL(ais)INS(o);INS(o);DEL(ais);ADJ,NOM,SG,MASC
morālisms;morālism;morālismDEL(s);;DEL(s);N,VOC,SG
dūre;dūres;dūreINS(s);INS(s);;N,ACC,PL
klausīt;klausījis;klausīDEL(t)INS(j)INS(is);INS(j),INS(is);DEL(t);V,V.PTCP,PST,ACT
patulkot;patulko;patulkoDEL(t);;DEL(t);V,3,SG,PRS,IND
raižpilnākais;raižpilnākajām;raižpilnākaDEL(is)INS(jām);INS(jām);DEL(is);ADJ,DAT,PL,FEM
īsināt;īsināsim;īsināDEL(t)INS(s)INS(im);INS(s),INS(im);DEL(t);V,1,PL,FUT,IND
strādīgāks;strādīgākos;strādīgākINS(o)s;INS(o);;ADJ,INST,PL,MASC
slaidāks;slaidākas;slaidākINS(a)s;INS(a);;ADJ,ACC,SG,FEM
jēdzieniskais;jēdzieniskā;jēdzieniskDEL(ais)INS(ā);INS(ā);DEL(ais);ADJ,ACC,SG,MASC
vistautiskākais;vistautiskākās;vistautiskākDEL(ai)INS(ā)s;INS(ā);DEL(ai);ADJ,NOM,PL,FEM
spriest;sprieda;sprieDEL(s)DEL(t)INS(d)INS(a);INS(d),INS(a);DEL(s),DEL(t);V,3,PL,PST,IND
pārart;esot pāraris;INS(e)INS(s)INS(o)INS(t)INS( )pārarDEL(t)INS(i)INS(s);INS(e),INS(s),INS(o),INS(t),INS( ),INS(i),INS(s);DEL(t);V,LGSPEC1,PST
petrogrāfija;petrogrāfiju;petrogrāfijDEL(a)INS(u);INS(u);DEL(a);N,ACC,SG
salāts;salātus;salātINS(u)s;INS(u);;N,ACC,PL
dzestrais;dzestrās;dzestrDEL(ai)INS(ā)s;INS(ā);DEL(ai);ADJ,ACC,SG,FEM
biežāks;biežāku;biežākDEL(s)INS(u);INS(u);DEL(s);ADJ,NOM,SG,FEM
liekt;lieca;lieDEL(k)DEL(t)INS(c)INS(a);INS(c),INS(a);DEL(k),DEL(t);V,3,SG,PST,IND
dūre;dūrē;dūrDEL(e)INS(ē);INS(ē);DEL(e);N,LOC,SG
personisks;personiskos;personiskINS(o)s;INS(o);;ADJ,INST,PL,MASC
vishumānākais;vishumānākā;vishumānākDEL(ais)INS(ā);INS(ā);DEL(ais);ADJ,ACC,SG,MASC
visakmeņainākais;visakmeņainākos;visakmeņainākDEL(ai)INS(o)s;INS(o);DEL(ai);ADJ,NOM,PL,MASC
dzīvojamā istaba;dzīvojamā istabu;dzīvojamā istabDEL(a)INS(u);INS(u);DEL(a);N,GEN,PL
plauksta;plaukstās;plaukstDEL(a)INS(ā)INS(s);INS(ā),INS(s);DEL(a);N,LOC,PL
apstākļa vārds;apstākļa vārd;apstākļa vārdDEL(s);;DEL(s);N,VOC,SG
aziāts;aziātu;aziātDEL(s)INS(u);INS(u);DEL(s);N,GEN,PL
apvienot;apvienojot;apvienINS(o)INS(j)ot;INS(o),INS(j);;V,V.PTCP,PRS,LGSPEC5
piecept;piecep;piecepDEL(t);;DEL(t);V,3,SG,PRS,IND
starene;starenes;stareneINS(s);INS(s);;N,ACC,PL
vēders;vēders;vēders;;;N,NOM,SG
visneparastākais;visneparastākajām;visneparastākaDEL(is)INS(jām);INS(jām);DEL(is);ADJ,DAT,PL,FEM
medicīniskāks;medicīniskāku;medicīniskākDEL(s)INS(u);INS(u);DEL(s);ADJ,ACC,PL,FEM
sinonīmisks;sinonīmiska;sinonīmiskDEL(s)INS(a);INS(a);DEL(s);ADJ,ACC,SG,MASC
lauve;lauves;lauveINS(s);INS(s);;N,NOM,PL
glīšākais;glīšākajos;glīšākaDEL(i)INS(jo)s;INS(jo);DEL(i);ADJ,INST,PL,MASC
laimīgāks;laimīgāku;laimīgākDEL(s)INS(u);INS(u);DEL(s);ADJ,NOM,SG,MASC
jēdzīgākais;jēdzīgākās;jēdzīgākDEL(ai)INS(ā)s;INS(ā);DEL(ai);ADJ,LOC,PL,FEM
lauvene;lauvenēm;lauvenDEL(e)INS(ē)INS(m);INS(ē),INS(m);DEL(e);N,DAT,PL
iepelēkais;iepelēkajam;iepelēkaDEL(is)INS(j)INS(am);INS(j),INS(am);DEL(is);ADJ,GEN,SG,MASC
vismožākais;vismožāko;vismožākDEL(ais)INS(o);INS(o);DEL(ais);ADJ,DAT,SG,FEM
riktīgais;riktīgajām;riktīgaDEL(is)INS(jām);INS(jām);DEL(is);ADJ,DAT,PL,FEM
solīt;jāsolot;INS(jā)solDEL(ī)INS(o)t;INS(jā),INS(o);DEL(ī);V,LGSPEC2,LgSPEC8
politiskākais;politiskākā;politiskākDEL(ais)INS(ā);INS(ā);DEL(ais);ADJ,ACC,SG,MASC
psiholoģiskākais;psiholoģiskāko;psiholoģiskākDEL(ais)INS(o);INS(o);DEL(ais);ADJ,DAT,SG,FEM
konfederācija;konfederācijas;konfederācijaINS(s);INS(s);;N,ACC,PL
pazīt;pazīstot;pazīINS(s)INS(t)INS(o)t;INS(s),INS(t),INS(o);;V,LGSPEC1,PRS
vājdzirdīgs;vājdzirdīgam;vājdzirdīgDEL(s)INS(a)INS(m);INS(a),INS(m);DEL(s);ADJ,GEN,SG,MASC
topogrāfisks;topogrāfiskas;topogrāfiskINS(a)s;INS(a);;ADJ,NOM,PL,FEM
lēnais;lēno;lēnDEL(ais)INS(o);INS(o);DEL(ais);ADJ,DAT,SG,MASC
iezaļganākais;iezaļganākajos;iezaļganākaDEL(i)INS(jo)s;INS(jo);DEL(i);ADJ,INST,PL,MASC
rakstīt;rakstot;rakstDEL(ī)INS(o)t;INS(o);DEL(ī);V,V.PTCP,PRS,LGSPEC5
viscentīgākais;viscentīgākajos;viscentīgākaDEL(i)INS(jo)s;INS(jo);DEL(i);ADJ,INST,PL,MASC
fizikālākais;fizikālākajos;fizikālākaDEL(i)INS(jo)s;INS(jo);DEL(i);ADJ,INST,PL,MASC
sēklinieku maisiņš;sēklinieku maisiņos;sēklinieku maisiņDEL(š)INS(o)INS(s);INS(o),INS(s);DEL(š);N,LOC,PL
redzamāks;redzamākiem;redzamākDEL(s)INS(iem);INS(iem);DEL(s);ADJ,GEN,PL,MASC
imperiālistiskākais;imperiālistiskāko;imperiālistiskākDEL(ais)INS(o);INS(o);DEL(ais);ADJ,NOM,SG,MASC
rieties;riesimies;rieDEL(t)INS(s)INS(im)ies;INS(s),INS(im);DEL(t);V,1,PL,IMP
staigņākais;staigņākais;staigņākais;;;ADJ,LOC,SG,MASC
arktiskākais;arktiskākās;arktiskākDEL(ai)INS(ā)s;INS(ā);DEL(ai);ADJ,LOC,PL,FEM
rumāniskāks;rumāniskākas;rumāniskākINS(a)s;INS(a);;ADJ,ACC,SG,FEM
nedzimt;nedzimis;nedzimDEL(t)INS(i)INS(s);INS(i),INS(s);DEL(t);V,V.PTCP,PST,ACT
kartons;kartonā;kartonDEL(s)INS(ā);INS(ā);DEL(s);N,LOC,SG
demokrāte;demokrātēs;demokrātDEL(e)INS(ē)INS(s);INS(ē),INS(s);DEL(e);N,LOC,PL
visbulgāriskākais;visbulgāriskāko;visbulgāriskākDEL(ais)INS(o);INS(o);DEL(ais);ADJ,DAT,SG,MASC
visiesarkanākais;visiesarkanākajam;visiesarkanākaDEL(is)INS(j)INS(am);INS(j),INS(am);DEL(is);ADJ,GEN,SG,MASC
zīdīšana;zīdīšana;zīdīšana;;;N,VOC,SG
amerikāniete;amerikānietes;amerikānieteINS(s);INS(s);;N,GEN,SG
kaste;kaste;kaste;;;N,NOM,SG
ceļinieks;ceļinieki;ceļiniekDEL(s)INS(i);INS(i);DEL(s);N,VOC,PL
skaitīt;skaita;skaiDEL(t)DEL(ī)tINS(a);INS(a);DEL(t),DEL(ī);V,3,PL,PRS,IND
lipīgs;lipīgā;lipīgDEL(s)INS(ā);INS(ā);DEL(s);ADJ,INST,SG,FEM
biedēklis;biedēkli;biedēkliDEL(s);;DEL(s);N,INST,SG
pilsoniskais;pilsoniskajām;pilsoniskaDEL(is)INS(jām);INS(jām);DEL(is);ADJ,GEN,PL,FEM
valgāks;valgākām;valgākDEL(s)INS(ām);INS(ām);DEL(s);ADJ,GEN,PL,FEM
zviedziens;zviedzieniem;zviedzienDEL(s)INS(iem);INS(iem);DEL(s);N,DAT,PL
iesarkans;iesarkanu;iesarkanDEL(s)INS(u);INS(u);DEL(s);ADJ,DAT,SG,FEM
jēdzieniskākais;jēdzieniskāko;jēdzieniskākDEL(ais)INS(o);INS(o);DEL(ais);ADJ,ACC,PL,FEM
ziepjainais;ziepjainās;ziepjainDEL(ai)INS(ā)s;INS(ā);DEL(ai);ADJ,NOM,PL,FEM
svešais;svešajai;svešINS(a)INS(j)aiDEL(s);INS(a),INS(j);DEL(s);ADJ,GEN,SG,FEM
neziepēt;neziepējam;neziepēDEL(t)INS(j)INS(am);INS(j),INS(am);DEL(t);V,V.PTCP,PRS,LGSPEC6
neitralizēšana;neitralizēšana;neitralizēšana;;;N,NOM,SG
baltais;baltajiem;baltaINS(j)iDEL(s)INS(em);INS(j),INS(em);DEL(s);ADJ,DAT,PL,MASC
meitenīgais;meitenīgo;meitenīgDEL(ais)INS(o);INS(o);DEL(ais);ADJ,ACC,PL,MASC
psihisks;psihiskiem;psihiskDEL(s)INS(iem);INS(iem);DEL(s);ADJ,DAT,PL,MASC
veikals;veikaliem;veikalDEL(s)INS(iem);INS(iem);DEL(s);N,DAT,PL
vasarīgāks;vasarīgākās;vasarīgākINS(ā)s;INS(ā);;ADJ,INST,PL,FEM
indīgākais;indīgāko;indīgākDEL(ais)INS(o);INS(o);DEL(ais);ADJ,NOM,SG,FEM
aizpērnējais;aizpērnējās;aizpērnējDEL(ai)INS(ā)s;INS(ā);DEL(ai);ADJ,ACC,SG,FEM
sievišķīgākais;sievišķīgākajai;sievišķīgākINS(a)INS(j)aiDEL(s);INS(a),INS(j);DEL(s);ADJ,GEN,SG,FEM
pirmdiena;pirmdienas;pirmdienaINS(s);INS(s);;N,NOM,PL
ungāriskākais;ungāriskāko;ungāriskākDEL(ais)INS(o);INS(o);DEL(ais);ADJ,NOM,SG,MASC
piederīgs;piederīgu;piederīgDEL(s)INS(u);INS(u);DEL(s);ADJ,ACC,PL,FEM
darbīgais;darbīgajos;darbīgaDEL(i)INS(jo)s;INS(jo);DEL(i);ADJ,INST,PL,MASC
stulbais;stulbajā;stulbaDEL(is)INS(jā);INS(jā);DEL(is);ADJ,INST,SG,FEM
neitralizēt;lai neitralizējot;INS(l)INS(a)INS(i)INS( )neitralizēINS(jo)t;INS(l),INS(a),INS(i),INS( ),INS(jo);;V,LGSPEC1,IMP
spilva;spilvām;spilvDEL(a)INS(ām);INS(ām);DEL(a);N,DAT,PL
neturēšana;neturēšanā;neturēšanDEL(a)INS(ā);INS(ā);DEL(a);N,LOC,SG
vērtīgs;vērtīgiem;vērtīgDEL(s)INS(iem);INS(iem);DEL(s);ADJ,GEN,PL,MASC
prāvākais;prāvākie;prāvākDEL(a)iDEL(s)INS(e);INS(e);DEL(a),DEL(s);ADJ,LOC,PL,MASC
spilve;spilvi;spilvDEL(e)INS(i);INS(i);DEL(e);N,INST,SG
visrozīgākais;visrozīgākās;visrozīgākDEL(ai)INS(ā)s;INS(ā);DEL(ai);ADJ,ACC,SG,FEM
nodoklis;nodokļu;nodokDEL(l)DEL(is)INS(ļ)INS(u);INS(ļ),INS(u);DEL(l),DEL(is);N,GEN,PL
konstatēšana;konstatēšanā;konstatēšanDEL(a)INS(ā);INS(ā);DEL(a);N,LOC,SG
visanālākais;visanālāko;visanālākDEL(ais)INS(o);INS(o);DEL(ais);ADJ,NOM,SG,MASC
kirgīziskais;kirgīzisko;kirgīziskDEL(ais)INS(o);INS(o);DEL(ais);ADJ,DAT,SG,MASC
metafiziskākais;metafiziskāko;metafiziskākDEL(ais)INS(o);INS(o);DEL(ais);ADJ,DAT,SG,MASC
visziepjainākais;visziepjaināko;visziepjainākDEL(ais)INS(o);INS(o);DEL(ais);ADJ,NOM,SG,FEM
čūska;čūsku;čūskDEL(a)INS(u);INS(u);DEL(a);N,GEN,PL
reģistrs;reģistriem;reģistrDEL(s)INS(iem);INS(iem);DEL(s);N,INST,PL
trūcīgākais;trūcīgāko;trūcīgākDEL(ais)INS(o);INS(o);DEL(ais);ADJ,NOM,SG,MASC
ķēnišķīgākais;ķēnišķīgākā;ķēnišķīgākDEL(ais)INS(ā);INS(ā);DEL(ais);ADJ,ACC,SG,MASC
afgāniskāks;afgāniskākā;afgāniskākDEL(s)INS(ā);INS(ā);DEL(s);ADJ,INST,SG,FEM
rudenīgākais;rudenīgākie;rudenīgākDEL(a)iDEL(s)INS(e);INS(e);DEL(a),DEL(s);ADJ,LOC,PL,MASC
kakls;kaklus;kaklINS(u)s;INS(u);;N,ACC,PL
eiropeiskākais;eiropeiskākajiem;eiropeiskākaINS(j)iDEL(s)INS(em);INS(j),INS(em);DEL(s);ADJ,GEN,PL,MASC
ķirbis;ķirbjiem;ķirbINS(j)iDEL(s)INS(em);INS(j),INS(em);DEL(s);N,DAT,PL
riktīgais;riktīgās;riktīgDEL(ai)INS(ā)s;INS(ā);DEL(ai);ADJ,ACC,SG,FEM
niknais;niknais;niknais;;;ADJ,LOC,SG,MASC
netraucēt;netraucē;netraucēDEL(t);;DEL(t);V,3,PL,PRS,IND
vislieliskākais;vislieliskākajos;vislieliskākaDEL(i)INS(jo)s;INS(jo);DEL(i);ADJ,INST,PL,MASC
aparšana;aparšanas;aparšanaINS(s);INS(s);;N,GEN,SG
afrikāniskāks;afrikāniskākiem;afrikāniskākDEL(s)INS(iem);INS(iem);DEL(s);ADJ,GEN,PL,MASC
bibliotēka;bibliotēkas;bibliotēkaINS(s);INS(s);;N,ACC,PL
ārstniecisks;ārstnieciskus;ārstnieciskINS(u)s;INS(u);;ADJ,NOM,PL,MASC
sirmis;sirmis;sirmis;;;N,NOM,SG
greznāks;greznāku;greznākDEL(s)INS(u);INS(u);DEL(s);ADJ,ACC,PL,FEM
tumšāks;tumšākiem;tumšākDEL(s)INS(iem);INS(iem);DEL(s);ADJ,GEN,PL,MASC
ievads;ievadus;ievadINS(u)s;INS(u);;N,ACC,PL
tirgotava;tirgotava;tirgotava;;;N,NOM,SG
nekļūt;nekļūt;nekļūt;;;V,NFIN
visraksturīgākais;visraksturīgākajās;visraksturīgākaDEL(i)INS(jā)s;INS(jā);DEL(i);ADJ,INST,PL,FEM
diennakts;diennakts;diennakts;;;N,GEN,SG
vissaulainākais;vissaulainākās;vissaulainākDEL(ai)INS(ā)s;INS(ā);DEL(ai);ADJ,ACC,SG,FEM
satiksmes vārds;satiksmes vārdus;satiksmes vārdINS(u)s;INS(u);;N,ACC,PL
drēgnums;drēgnumā;drēgnumDEL(s)INS(ā);INS(ā);DEL(s);N,LOC,SG
smagāks;smagākām;smagākDEL(s)INS(ām);INS(ām);DEL(s);ADJ,DAT,PL,FEM
rezultāts;rezultāt;rezultātDEL(s);;DEL(s);N,VOC,SG
klausīties;klausījies;klausīDEL(t)INS(j)ies;INS(j);DEL(t);V,2,SG,PST,IND
neapart;neaparsim;neaparDEL(t)INS(s)INS(im);INS(s),INS(im);DEL(t);V,1,PL,FUT,IND
lejas tece;lejas teci;lejas tecDEL(e)INS(i);INS(i);DEL(e);N,ACC,SG
zīdināt;zīdināšu;zīdināDEL(t)INS(š)INS(u);INS(š),INS(u);DEL(t);V,1,SG,FUT,IND
viesu istaba;viesu istabu;viesu istabDEL(a)INS(u);INS(u);DEL(a);N,INST,SG
kurdiskāks;kurdiskākās;kurdiskākINS(ā)s;INS(ā);;ADJ,INST,PL,FEM
indietis;indieši;indieDEL(t)INS(š)iDEL(s);INS(š);DEL(t),DEL(s);N,NOM,PL
reliģiozākais;reliģiozāko;reliģiozākDEL(ais)INS(o);INS(o);DEL(ais);ADJ,ACC,PL,MASC
reliģisks;reliģiskam;reliģiskDEL(s)INS(a)INS(m);INS(a),INS(m);DEL(s);ADJ,GEN,SG,MASC
nabadze;nabadzes;nabadzeINS(s);INS(s);;N,VOC,PL
dzemdēt;lai dzemdē;INS(l)INS(a)INS(i)INS( )dzemdēDEL(t);INS(l),INS(a),INS(i),INS( );DEL(t);V,3,PL,IMP
dziedājums;dziedājumos;dziedājumINS(o)s;INS(o);;N,LOC,PL
vēceklis;vēcekli;vēcekliDEL(s);;DEL(s);N,INST,SG
reliģiskākais;reliģiskākajam;reliģiskākaDEL(is)INS(j)INS(am);INS(j),INS(am);DEL(is);ADJ,GEN,SG,MASC
saldenākais;saldenākā;saldenākDEL(ais)INS(ā);INS(ā);DEL(ais);ADJ,ACC,SG,MASC
atmiņa;atmiņu;atmiņDEL(a)INS(u);INS(u);DEL(a);N,INST,SG
nedemokratizēt;nedemokratizēsit;nedemokratizēINS(s)INS(i)t;INS(s),INS(i);;V,2,PL,FUT,IND
politiskais;politisko;politiskDEL(ais)INS(o);INS(o);DEL(ais);ADJ,NOM,SG,MASC
apspriešana;apspriešana;apspriešana;;;N,VOC,SG
turpināt;turpinājāt;turpinINS(ā)INS(j)āt;INS(ā),INS(j);;V,2,PL,PST,IND
fotogrāfiskāks;fotogrāfiskākus;fotogrāfiskākINS(u)s;INS(u);;ADJ,NOM,PL,MASC
etimoloģisks;etimoloģiskai;etimoloģiskDEL(s)INS(a)INS(i);INS(a),INS(i);DEL(s);ADJ,GEN,SG,FEM
astoņnieks;astoņnieks;astoņnieks;;;N,NOM,SG
Japānas redīss;Japānas redīsos;Japānas redīsINS(o)s;INS(o);;N,LOC,PL
vismoldāviskākais;vismoldāviskāko;vismoldāviskākDEL(ais)INS(o);INS(o);DEL(ais);ADJ,DAT,SG,FEM
patiesība;patiesībā;patiesībDEL(a)INS(ā);INS(ā);DEL(a);N,LOC,SG
ābols;ābolus;ābolINS(u)s;INS(u);;N,ACC,PL
atvasarīgāks;atvasarīgāku;atvasarīgākDEL(s)INS(u);INS(u);DEL(s);ADJ,NOM,SG,MASC
nozīmēt;nozīmēsim;nozīmēDEL(t)INS(s)INS(im);INS(s),INS(im);DEL(t);V,1,PL,IMP
slimais;slimajā;slimaDEL(is)INS(jā);INS(jā);DEL(is);ADJ,INST,SG,MASC
stādīt;stādošs;stādDEL(ī)DEL(t)INS(o)INS(š)INS(s);INS(o),INS(š),INS(s);DEL(ī),DEL(t);V,V.PTCP,PRS,LGSPEC3
visbēdīgākais;visbēdīgākos;visbēdīgākDEL(ai)INS(o)s;INS(o);DEL(ai);ADJ,NOM,PL,MASC
mīlāks;mīlāku;mīlākDEL(s)INS(u);INS(u);DEL(s);ADJ,DAT,SG,FEM
tapirs;tapiru;tapirDEL(s)INS(u);INS(u);DEL(s);N,GEN,PL
zemākais;zemākajiem;zemākaINS(j)iDEL(s)INS(em);INS(j),INS(em);DEL(s);ADJ,GEN,PL,MASC
ekonomiskais;ekonomiskā;ekonomiskDEL(ais)INS(ā);INS(ā);DEL(ais);ADJ,LOC,SG,FEM
visčehiskākais;visčehiskākā;visčehiskākDEL(ais)INS(ā);INS(ā);DEL(ais);ADJ,ACC,SG,MASC
kļūdainais;kļūdaino;kļūdainDEL(ais)INS(o);INS(o);DEL(ais);ADJ,NOM,SG,FEM
etnisks;etniskām;etniskDEL(s)INS(ām);INS(ām);DEL(s);ADJ,DAT,PL,FEM
precīzais;precīzajai;precīzINS(a)INS(j)aiDEL(s);INS(a),INS(j);DEL(s);ADJ,GEN,SG,FEM
pliks;plikās;plikINS(ā)s;INS(ā);;ADJ,INST,PL,FEM
ķermens;ķermeniem;ķermenDEL(s)INS(iem);INS(iem);DEL(s);N,DAT,PL
taurs;tauru;taurDEL(s)INS(u);INS(u);DEL(s);N,GEN,PL
visizcilākais;visizcilākais;visizcilākais;;;ADJ,LOC,SG,MASC
nebloķēt;nebloķēs;nebloķēDEL(t)INS(s);INS(s);DEL(t);V,3,SG,FUT,IND
ašums;ašumā;ašumDEL(s)INS(ā);INS(ā);DEL(s);N,LOC,SG
mongoliete;mongoliete;mongoliete;;;N,VOC,SG
nešūšana;nešūšanā;nešūšanDEL(a)INS(ā);INS(ā);DEL(a);N,LOC,SG
tuklākais;tuklākajās;tuklākaDEL(i)INS(jā)s;INS(jā);DEL(i);ADJ,INST,PL,FEM
uzbekiete;uzbekietes;uzbekieteINS(s);INS(s);;N,VOC,PL
nespriest;nespriedīšot;nesprieDEL(s)INS(d)INS(ī)INS(š)INS(o)t;INS(d),INS(ī),INS(š),INS(o);DEL(s);V,LGSPEC1,FUT
slims;slimiem;sliINS(m)INS(ie)mDEL(s);INS(m),INS(ie);DEL(s);ADJ,GEN,PL,MASC
visticamākais;visticamāko;visticamākDEL(ais)INS(o);INS(o);DEL(ais);ADJ,NOM,SG,FEM
studēšana;studēšanu;studēšanDEL(a)INS(u);INS(u);DEL(a);N,GEN,PL
ķēnišķīgāks;ķēnišķīgāku;ķēnišķīgākDEL(s)INS(u);INS(u);DEL(s);ADJ,ACC,PL,MASC
slavenais;slavenajām;slavenaDEL(is)INS(jām);INS(jām);DEL(is);ADJ,GEN,PL,FEM
asiņainais;asiņaino;asiņainDEL(ais)INS(o);INS(o);DEL(ais);ADJ,ACC,PL,FEM
jūnijs;jūnija;jūnijDEL(s)INS(a);INS(a);DEL(s);N,GEN,SG
mitrākais;mitrākos;mitrākDEL(ai)INS(o)s;INS(o);DEL(ai);ADJ,NOM,PL,MASC
glābt;glābsim;glābDEL(t)INS(s)INS(im);INS(s),INS(im);DEL(t);V,1,PL,FUT,IND
zaļāks;zaļākas;zaļākINS(a)s;INS(a);;ADJ,ACC,SG,FEM
badmintons;badminton;badmintonDEL(s);;DEL(s);N,VOC,SG
aizstāvība;aizstāvībā;aizstāvībDEL(a)INS(ā);INS(ā);DEL(a);N,LOC,SG
libāniskais;libāniskajā;libāniskaDEL(is)INS(jā);INS(jā);DEL(is);ADJ,INST,SG,FEM
žests;žests;žests;;;N,NOM,SG
elpot;elpo;elpoDEL(t);;DEL(t);V,3,PL,PRS,IND
bālākais;bālāko;bālākDEL(ais)INS(o);INS(o);DEL(ais);ADJ,NOM,SG,MASC
raksts;rakstu;rakstDEL(s)INS(u);INS(u);DEL(s);N,INST,SG
purvainākais;purvaināko;purvainākDEL(ais)INS(o);INS(o);DEL(ais);ADJ,ACC,PL,FEM
valdība;valdības;valdībaINS(s);INS(s);;N,GEN,SG
baigāks;baigāku;baigākDEL(s)INS(u);INS(u);DEL(s);ADJ,DAT,SG,MASC
sēklis;sēkļiem;sēkDEL(l)DEL(is)INS(ļ)INS(i)INS(e)INS(m);INS(ļ),INS(i),INS(e),INS(m);DEL(l),DEL(is);N,DAT,PL
klupšana;klupšanai;klupšanaINS(i);INS(i);;N,DAT,SG
iekļūt;iekļūt;iekļūt;;;V,NFIN
dzīves biedrs;dzīves biedrus;dzīves biedrINS(u)s;INS(u);;N,ACC,PL
acsābols;acsābolos;acsābolINS(o)s;INS(o);;N,LOC,PL
visagrākais;visagrākās;visagrākDEL(ai)INS(ā)s;INS(ā);DEL(ai);ADJ,ACC,SG,FEM
visbiezākais;visbiezākajā;visbiezākaDEL(is)INS(jā);INS(jā);DEL(is);ADJ,INST,SG,FEM
vislaipnākais;vislaipnāko;vislaipnākDEL(ais)INS(o);INS(o);DEL(ais);ADJ,ACC,PL,FEM
acs ābols;acs āboliem;acs ābolDEL(s)INS(iem);INS(iem);DEL(s);N,INST,PL
neparastāks;neparastāku;neparastākDEL(s)INS(u);INS(u);DEL(s);ADJ,NOM,SG,MASC
tēvs;tēva;tēvDEL(s)INS(a);INS(a);DEL(s);N,GEN,SG
cariene;carienēm;carienDEL(e)INS(ē)INS(m);INS(ē),INS(m);DEL(e);N,INST,PL
visziņkārākais;visziņkārāko;visziņkārākDEL(ais)INS(o);INS(o);DEL(ais);ADJ,ACC,PL,MASC
muklaināks;muklainākam;muklainākDEL(s)INS(a)INS(m);INS(a),INS(m);DEL(s);ADJ,GEN,SG,MASC
mobilais;mobilos;mobilDEL(ai)INS(o)s;INS(o);DEL(ai);ADJ,NOM,PL,MASC
duļķes;duļķēm;duļķDEL(e)DEL(s)INS(ē)INS(m);INS(ē),INS(m);DEL(e),DEL(s);N,INST,PL
reliģiozāks;reliģiozākai;reliģiozākDEL(s)INS(a)INS(i);INS(a),INS(i);DEL(s);ADJ,GEN,SG,FEM
caurredzamāks;caurredzamākai;caurredzamākDEL(s)INS(a)INS(i);INS(a),INS(i);DEL(s);ADJ,GEN,SG,FEM
jemenietis;jemenietim;jemenietiDEL(s)INS(m);INS(m);DEL(s);N,DAT,SG
mežmale;mežmale;mežmale;;;N,NOM,SG
visspirgtākais;visspirgtākajā;visspirgtākaDEL(is)INS(jā);INS(jā);DEL(is);ADJ,INST,SG,FEM
rādītājpirksts;rādītājpirkstu;rādītājpirkstDEL(s)INS(u);INS(u);DEL(s);N,ACC,SG
astronoms;astronomiem;astronoINS(m)INS(ie)mDEL(s);INS(m),INS(ie);DEL(s);N,INST,PL
visacīgākais;visacīgāko;visacīgākDEL(ais)INS(o);INS(o);DEL(ais);ADJ,DAT,SG,FEM
niknākais;niknāko;niknākDEL(ais)INS(o);INS(o);DEL(ais);ADJ,ACC,PL,MASC
visīriskākais;visīriskākajā;visīriskākaDEL(is)INS(jā);INS(jā);DEL(is);ADJ,INST,SG,FEM
vissidrabainākais;vissidrabaināko;vissidrabainākDEL(ais)INS(o);INS(o);DEL(ais);ADJ,ACC,PL,FEM
likt;būt jāliek;INS(b)INS(ū)INS(t)INS( )INS(j)INS(ā)liINS(e)kDEL(t);INS(b),INS(ū),INS(t),INS( ),INS(j),INS(ā),INS(e);DEL(t);V,LGSPEC2,IND
visamizantākais;visamizantāko;visamizantākDEL(ais)INS(o);INS(o);DEL(ais);ADJ,ACC,PL,FEM
spēcīgāks;spēcīgākam;spēcīgākDEL(s)INS(a)INS(m);INS(a),INS(m);DEL(s);ADJ,GEN,SG,MASC
ministrija;ministrijas;ministrijaINS(s);INS(s);;N,ACC,PL
turciskais;turciskajos;turciskaDEL(i)INS(jo)s;INS(jo);DEL(i);ADJ,INST,PL,MASC
vismīlākais;vismīlākajās;vismīlākaDEL(i)INS(jā)s;INS(jā);DEL(i);ADJ,INST,PL,FEM
vēstule;vēstule;vēstule;;;N,VOC,SG
nemazgāt;nebūtu mazgājis;neINS(b)INS(ū)INS(t)INS(u)INS( )mazgāDEL(t)INS(j)INS(is);INS(b),INS(ū),INS(t),INS(u),INS( ),INS(j),INS(is);DEL(t);V,COND,PST
izteikt;izteiktu;izteiktINS(u);INS(u);;V,COND,PRS
labāks;labākām;labākDEL(s)INS(ām);INS(ām);DEL(s);ADJ,DAT,PL,FEM
līdzskaņa;līdzskaņa;līdzskaņa;;;N,NOM,SG
neziemošana;neziemošanu;neziemošanDEL(a)INS(u);INS(u);DEL(a);N,INST,SG
visazerbaidžāniskākais;visazerbaidžāniskāko;visazerbaidžāniskākDEL(ais)INS(o);INS(o);DEL(ais);ADJ,DAT,SG,FEM
garais ā;garais ā;garais ā;;;N,NOM,SG
vienīgs;vienīgām;vienīgDEL(s)INS(ām);INS(ām);DEL(s);ADJ,DAT,PL,FEM
aizmirstība;aizmirstība;aizmirstība;;;N,NOM,SG
princis;princim;princiDEL(s)INS(m);INS(m);DEL(s);N,DAT,SG
bahreiniete;bahreinietēm;bahreinietDEL(e)INS(ē)INS(m);INS(ē),INS(m);DEL(e);N,INST,PL
nemirst;nemirsi;nemirsDEL(t)INS(i);INS(i);DEL(t);V,2,SG,PST,IND
turkmēniskais;turkmēniskajās;turkmēniskaDEL(i)INS(jā)s;INS(jā);DEL(i);ADJ,INST,PL,FEM
portugāliskais;portugāliskajai;portugāliskINS(a)INS(j)aiDEL(s);INS(a),INS(j);DEL(s);ADJ,GEN,SG,FEM
blāvākais;blāvākie;blāvākDEL(a)iDEL(s)INS(e);INS(e);DEL(a),DEL(s);ADJ,LOC,PL,MASC
sudabrs;sudabr;sudabrDEL(s);;DEL(s);N,VOC,SG
visdailākais;visdailākā;visdailākDEL(ais)INS(ā);INS(ā);DEL(ais);ADJ,ACC,SG,MASC
tante;tante;tante;;;N,NOM,SG
neaudzināt;neaudzināt;neaudzināt;;;V,2,PL,PRS,IND
krieviskais;krieviskās;krieviskDEL(ai)INS(ā)s;INS(ā);DEL(ai);ADJ,NOM,PL,FEM
necentrēt;necentrējams;necentrēDEL(t)INS(j)INS(a)INS(m)INS(s);INS(j),INS(a),INS(m),INS(s);DEL(t);V,V.PTCP,PRS,PASS
lēca;lēcās;lēcDEL(a)INS(ā)INS(s);INS(ā),INS(s);DEL(a);N,LOC,PL
visbiklākais;visbiklākajai;visbiklākINS(a)INS(j)aiDEL(s);INS(a),INS(j);DEL(s);ADJ,GEN,SG,FEM
vismatainākais;vismatainākajām;vismatainākaDEL(is)INS(jām);INS(jām);DEL(is);ADJ,DAT,PL,FEM
mantīgais;mantīgo;mantīgDEL(ais)INS(o);INS(o);DEL(ais);ADJ,DAT,SG,FEM
neaizmirst;lai neaizmirst;INS(l)INS(a)INS(i)INS( )neaizmirst;INS(l),INS(a),INS(i),INS( );;V,3,PL,IMP
stiept;stiepa;stiepDEL(t)INS(a);INS(a);DEL(t);V,3,PL,PST,IND
talants;talanta;talantDEL(s)INS(a);INS(a);DEL(s);N,GEN,SG
slapjš;slapju;slapjDEL(š)INS(u);INS(u);DEL(š);ADJ,NOM,SG,MASC
pateikt;pateic;pateiDEL(k)DEL(t)INS(c);INS(c);DEL(k),DEL(t);V,3,SG,PRS,IND
rits;rit;ritDEL(s);;DEL(s);N,VOC,SG
pediņš;pediņ;pediņDEL(š);;DEL(š);N,VOC,SG
dobjākais;dobjākās;dobjākDEL(ai)INS(ā)s;INS(ā);DEL(ai);ADJ,ACC,SG,FEM
beļģiskais;beļģiskajiem;beļģiskaINS(j)iDEL(s)INS(em);INS(j),INS(em);DEL(s);ADJ,GEN,PL,MASC
brokastis;brokastu;brokastDEL(is)INS(u);INS(u);DEL(is);N,GEN,PL
parašana;parašanu;parašanDEL(a)INS(u);INS(u);DEL(a);N,ACC,SG
skābēt;skābēšu;skābēDEL(t)INS(š)INS(u);INS(š),INS(u);DEL(t);V,1,SG,FUT,IND
rubenis;rubenim;rubeniDEL(s)INS(m);INS(m);DEL(s);N,DAT,SG
vissmilšainākais;vissmilšainākie;vissmilšainākDEL(a)iDEL(s)INS(e);INS(e);DEL(a),DEL(s);ADJ,LOC,PL,MASC
necentralizēt;necentralizētu;necentralizētINS(u);INS(u);;V,COND,PRS
vismundrākais;vismundrākās;vismundrākDEL(ai)INS(ā)s;INS(ā);DEL(ai);ADJ,ACC,SG,FEM
neprostituēt;nebūtu prostituējis;neINS(b)INS(ū)INS(t)INS(u)INS( )prostituēDEL(t)INS(j)INS(is);INS(b),INS(ū),INS(t),INS(u),INS( ),INS(j),INS(is);DEL(t);V,COND,PST
visūdeņainākais;visūdeņainākajam;visūdeņainākaDEL(is)INS(j)INS(am);INS(j),INS(am);DEL(is);ADJ,GEN,SG,MASC
redzoklis;redzokļa;redzokDEL(l)DEL(is)INS(ļ)INS(a);INS(ļ),INS(a);DEL(l),DEL(is);N,GEN,SG
pelēkums;pelēkumu;pelēkumDEL(s)INS(u);INS(u);DEL(s);N,INST,SG
rasmīgākais;rasmīgākajiem;rasmīgākaINS(j)iDEL(s)INS(em);INS(j),INS(em);DEL(s);ADJ,DAT,PL,MASC
sivēns;sivēniem;sivēnDEL(s)INS(iem);INS(iem);DEL(s);N,INST,PL
atbildēt;atbildiet;atbildDEL(ē)INS(i)INS(e)t;INS(i),INS(e);DEL(ē);V,2,PL,IMP
pāksts;pākstīm;pākstDEL(s)INS(ī)INS(m);INS(ī),INS(m);DEL(s);N,DAT,PL
rupjvīle;rupjvīles;rupjvīleINS(s);INS(s);;N,ACC,PL
cepināt;cepinot;cepinDEL(ā)INS(o)t;INS(o);DEL(ā);V,V.PTCP,PRS,LGSPEC5
slovākisks;slovākisku;slovākiskDEL(s)INS(u);INS(u);DEL(s);ADJ,ACC,PL,FEM
daļa;daļas;daļaINS(s);INS(s);;N,ACC,PL
veiklība;veiklībai;veiklībaINS(i);INS(i);;N,DAT,SG
cukurs;cukuriem;cukurDEL(s)INS(iem);INS(iem);DEL(s);N,INST,PL
strazdiene;strazdienes;strazdieneINS(s);INS(s);;N,ACC,PL
katalāniskāks;katalāniskākos;katalāniskākINS(o)s;INS(o);;ADJ,INST,PL,MASC
antropoloģiskais;antropoloģisko;antropoloģiskDEL(ais)INS(o);INS(o);DEL(ais);ADJ,NOM,SG,MASC
neubagot;neubagojam;neubagoDEL(t)INS(j)INS(am);INS(j),INS(am);DEL(t);V,1,PL,PRS,IND
stīvs;stīvai;stīvDEL(s)INS(a)INS(i);INS(a),INS(i);DEL(s);ADJ,GEN,SG,FEM
lūsis;lūsī;lūDEL(s)DEL(i)sINS(ī);INS(ī);DEL(s),DEL(i);N,LOC,SG
beļģiskāks;beļģiskāku;beļģiskākDEL(s)INS(u);INS(u);DEL(s);ADJ,NOM,SG,MASC
humoristiskākais;humoristiskākajā;humoristiskākaDEL(is)INS(jā);INS(jā);DEL(is);ADJ,INST,SG,MASC
cariskais;cariskais;cariskais;;;ADJ,LOC,SG,MASC
pasīvākais;pasīvākajām;pasīvākaDEL(is)INS(jām);INS(jām);DEL(is);ADJ,GEN,PL,FEM
enerģisks;enerģiskām;enerģiskDEL(s)INS(ām);INS(ām);DEL(s);ADJ,DAT,PL,FEM
tips;tipa;tipDEL(s)INS(a);INS(a);DEL(s);N,GEN,SG
visnabadzīgākais;visnabadzīgākās;visnabadzīgākDEL(ai)INS(ā)s;INS(ā);DEL(ai);ADJ,NOM,PL,FEM
humānistiskākais;humānistiskākajos;humānistiskākaDEL(i)INS(jo)s;INS(jo);DEL(i);ADJ,INST,PL,MASC
bloķēt;bloķējot;bloķēINS(jo)t;INS(jo);;V,LGSPEC1,PRS
tipoloģija;tipoloģijas;tipoloģijaINS(s);INS(s);;N,ACC,PL
toksīns;toksīni;toksīnDEL(s)INS(i);INS(i);DEL(s);N,VOC,PL
pisējiņa;pisējiņām;pisējiņDEL(a)INS(ām);INS(ām);DEL(a);N,INST,PL
ziepjainākais;ziepjainākās;ziepjainākDEL(ai)INS(ā)s;INS(ā);DEL(ai);ADJ,NOM,PL,FEM
nedomāt;nedomāsim;nedomāDEL(t)INS(s)INS(im);INS(s),INS(im);DEL(t);V,1,PL,IMP
slaikākais;slaikākajās;slaikākaDEL(i)INS(jā)s;INS(jā);DEL(i);ADJ,INST,PL,FEM
politisks;politiska;politiskDEL(s)INS(a);INS(a);DEL(s);ADJ,ACC,SG,MASC
alksnis;alkšņos;alkDEL(s)DEL(n)DEL(i)INS(š)INS(ņ)INS(o)s;INS(š),INS(ņ),INS(o);DEL(s),DEL(n),DEL(i);N,LOC,PL
labības mēnesis;labības mēnešiem;labības mēneDEL(s)DEL(is)INS(š)INS(iem);INS(š),INS(iem);DEL(s),DEL(is);N,DAT,PL
skaidrāks;skaidrāka;skaidrākDEL(s)INS(a);INS(a);DEL(s);ADJ,ACC,SG,MASC
neražot;lai neražojot;INS(l)INS(a)INS(i)INS( )neražINS(o)INS(j)ot;INS(l),INS(a),INS(i),INS( ),INS(o),INS(j);;V,LGSPEC1,IMP
nīderlandisks;nīderlandiskai;nīderlandiskDEL(s)INS(a)INS(i);INS(a),INS(i);DEL(s);ADJ,GEN,SG,FEM
kaulene;kauleņu;kaulDEL(e)DEL(n)eINS(ņ)INS(u);INS(ņ),INS(u);DEL(e),DEL(n);N,GEN,PL
visjaukākais;visjaukākajiem;visjaukākaINS(j)iDEL(s)INS(em);INS(j),INS(em);DEL(s);ADJ,DAT,PL,MASC
visapātiskākais;visapātiskākā;visapātiskākDEL(ais)INS(ā);INS(ā);DEL(ais);ADJ,LOC,SG,FEM
kristadelfietis;kristadelfiešiem;kristadelfieDEL(t)DEL(is)INS(š)INS(iem);INS(š),INS(iem);DEL(t),DEL(is);N,INST,PL
velnišķīgāks;velnišķīgāku;velnišķīgākDEL(s)INS(u);INS(u);DEL(s);ADJ,ACC,PL,FEM
naskākais;naskākajās;naskākaDEL(i)INS(jā)s;INS(jā);DEL(i);ADJ,INST,PL,FEM
mūks;mūki;mūkDEL(s)INS(i);INS(i);DEL(s);N,NOM,PL
cilvēciskums;cilvēciskumam;cilvēciskuINS(m)INS(a)mDEL(s);INS(m),INS(a);DEL(s);N,DAT,SG
demokratizēšana;demokratizēšana;demokratizēšana;;;N,VOC,SG
raudulīgais;raudulīgās;raudulīgDEL(ai)INS(ā)s;INS(ā);DEL(ai);ADJ,NOM,PL,FEM
germānijs;germānijā;germānijDEL(s)INS(ā);INS(ā);DEL(s);N,LOC,SG
divskanis;divskani;divskaniDEL(s);;DEL(s);N,ACC,SG
nelidot;nelido;nelidoDEL(t);;DEL(t);V,2,SG,PRS,IND
visjēdzīgākais;visjēdzīgākajām;visjēdzīgākaDEL(is)INS(jām);INS(jām);DEL(is);ADJ,DAT,PL,FEM
filoloģiskais;filoloģisko;filoloģiskDEL(ais)INS(o);INS(o);DEL(ais);ADJ,NOM,SG,MASC
kadmijs;kadmijam;kadmijDEL(s)INS(a)INS(m);INS(a),INS(m);DEL(s);N,DAT,SG
domāt;domājot;domāINS(jo)t;INS(jo);;V,V.PTCP,PRS,LGSPEC5
kaķe;kaķēs;kaķDEL(e)INS(ē)INS(s);INS(ē),INS(s);DEL(e);N,LOC,PL
nekurināt;nekurinājis;nekurināDEL(t)INS(j)INS(is);INS(j),INS(is);DEL(t);V,V.PTCP,PST,ACT
odzs;odzij;odzDEL(s)INS(i)INS(j);INS(i),INS(j);DEL(s);N,DAT,SG
visdrosākais;visdrosākajos;visdrosākaDEL(i)INS(jo)s;INS(jo);DEL(i);ADJ,INST,PL,MASC
visreliģiskākais;visreliģiskāko;visreliģiskākDEL(ais)INS(o);INS(o);DEL(ais);ADJ,NOM,SG,MASC
strauts;strautu;strautDEL(s)INS(u);INS(u);DEL(s);N,GEN,PL
baznedce;baznedcēm;baznedcDEL(e)INS(ē)INS(m);INS(ē),INS(m);DEL(e);N,INST,PL
rūgtais;rūgto;rūgtDEL(ais)INS(o);INS(o);DEL(ais);ADJ,ACC,PL,FEM
vissiltākais;vissiltāko;vissiltākDEL(ais)INS(o);INS(o);DEL(ais);ADJ,ACC,PL,FEM
turīgāks;turīgākām;turīgākDEL(s)INS(ām);INS(ām);DEL(s);ADJ,GEN,PL,FEM
puse;puses;puseINS(s);INS(s);;N,VOC,PL
necepšanās;necepšanos;necepšanDEL(ā)INS(o)s;INS(o);DEL(ā);N,GEN,PL
etniskāks;etniskākus;etniskākINS(u)s;INS(u);;ADJ,NOM,PL,MASC
velnišķīgākais;velnišķīgākie;velnišķīgākDEL(a)iDEL(s)INS(e);INS(e);DEL(a),DEL(s);ADJ,LOC,PL,MASC
vismaķedoniskākais;vismaķedoniskākie;vismaķedoniskākDEL(a)iDEL(s)INS(e);INS(e);DEL(a),DEL(s);ADJ,LOC,PL,MASC
nestāstīšana;nestāstīšanu;nestāstīšanDEL(a)INS(u);INS(u);DEL(a);N,ACC,SG
visreliģiskākais;visreliģiskāko;visreliģiskākDEL(ais)INS(o);INS(o);DEL(ais);ADJ,DAT,SG,FEM
ģermāniete;ģermānietes;ģermānieteINS(s);INS(s);;N,NOM,PL
rudens mēnesis;rudens mēnešus;rudens mēneDEL(s)DEL(i)INS(š)INS(u)s;INS(š),INS(u);DEL(s),DEL(i);N,ACC,PL
pērnais;pērnajā;pērnaDEL(is)INS(jā);INS(jā);DEL(is);ADJ,INST,SG,FEM
leitiete;leitietes;leitieteINS(s);INS(s);;N,NOM,PL
pilsoniskākais;pilsoniskākajā;pilsoniskākaDEL(is)INS(jā);INS(jā);DEL(is);ADJ,INST,SG,MASC
kurdiskākais;kurdiskākajos;kurdiskākaDEL(i)INS(jo)s;INS(jo);DEL(i);ADJ,INST,PL,MASC
turēt;turot;turDEL(ē)INS(o)t;INS(o);DEL(ē);V,LGSPEC1,PRS
centriste;centriste;centriste;;;N,NOM,SG
situācija;situācijām;situācijDEL(a)INS(ām);INS(ām);DEL(a);N,INST,PL
sātaniskais;sātaniskās;sātaniskDEL(ai)INS(ā)s;INS(ā);DEL(ai);ADJ,LOC,PL,FEM
brunets;brunetos;brunetINS(o)s;INS(o);;N,LOC,PL
zeltnesis;zeltnesi;zeltnesiDEL(s);;DEL(s);N,VOC,SG
sidrabaināks;sidrabaināku;sidrabainākDEL(s)INS(u);INS(u);DEL(s);ADJ,NOM,SG,FEM
nepļaut;lai nepļauj;INS(l)INS(a)INS(i)INS( )nepļauDEL(t)INS(j);INS(l),INS(a),INS(i),INS( ),INS(j);DEL(t);V,3,SG,IMP
debates;debates;debates;;;N,ACC,PL
vājredzīgs;vājredzīgai;vājredzīgDEL(s)INS(a)INS(i);INS(a),INS(i);DEL(s);ADJ,GEN,SG,FEM
visbezjēdzīgākais;visbezjēdzīgākās;visbezjēdzīgākDEL(ai)INS(ā)s;INS(ā);DEL(ai);ADJ,NOM,PL,FEM
rumānisks;rumāniskām;rumāniskDEL(s)INS(ām);INS(ām);DEL(s);ADJ,GEN,PL,FEM
ciešākais;ciešākajā;ciešākaDEL(is)INS(jā);INS(jā);DEL(is);ADJ,INST,SG,FEM
telefonēt;jātelefonējot;INS(jā)telefonēINS(jo)t;INS(jā),INS(jo);;V,LGSPEC2,LgSPEC8
matemātiskākais;matemātiskāko;matemātiskākDEL(ais)INS(o);INS(o);DEL(ais);ADJ,ACC,PL,MASC
melnkalnietis;melnkalnieši;melnkalnieDEL(t)INS(š)iDEL(s);INS(š);DEL(t),DEL(s);N,NOM,PL
vismīļākais;vismīļākajam;vismīļākaDEL(is)INS(j)INS(am);INS(j),INS(am);DEL(is);ADJ,GEN,SG,MASC
ticēšana;ticēšanā;ticēšanDEL(a)INS(ā);INS(ā);DEL(a);N,LOC,SG
saule;sauļu;saINS(u)INS(ļ)uDEL(l)DEL(e);INS(u),INS(ļ);DEL(l),DEL(e);N,GEN,PL
nacionālāks;nacionālākas;nacionālākINS(a)s;INS(a);;ADJ,NOM,PL,FEM
nebēda;nebēda;nebēda;;;N,VOC,SG
lingvistiskais;lingvistisko;lingvistiskDEL(ais)INS(o);INS(o);DEL(ais);ADJ,DAT,SG,MASC
visslepenākais;visslepenākajā;visslepenākaDEL(is)INS(jā);INS(jā);DEL(is);ADJ,INST,SG,FEM
rakstīt;raksta;raksDEL(t)DEL(ī)tINS(a);INS(a);DEL(t),DEL(ī);V,3,SG,PRS,IND
atstāstīt;atstāstot;atstāstDEL(ī)INS(o)t;INS(o);DEL(ī);V,V.PTCP,PRS,LGSPEC5
zobens;zoben;zobenDEL(s);;DEL(s);N,VOC,SG
sidrabainais;sidrabainais;sidrabainais;;;ADJ,LOC,SG,MASC
taijiskākais;taijiskākā;taijiskākDEL(ais)INS(ā);INS(ā);DEL(ais);ADJ,LOC,SG,FEM
visvalgākais;visvalgākajai;visvalgākINS(a)INS(j)aiDEL(s);INS(a),INS(j);DEL(s);ADJ,GEN,SG,FEM
trulāks;trulākiem;trulākDEL(s)INS(iem);INS(iem);DEL(s);ADJ,DAT,PL,MASC
behemots;behemotam;behemotDEL(s)INS(a)INS(m);INS(a),INS(m);DEL(s);N,DAT,SG
runība;runība;runība;;;N,NOM,SG
dziedājums;dziedājumiem;dziedājuINS(m)INS(ie)mDEL(s);INS(m),INS(ie);DEL(s);N,INST,PL
staigākais;staigākās;staigākDEL(ai)INS(ā)s;INS(ā);DEL(ai);ADJ,ACC,SG,FEM
mārīte;mārīti;mārītDEL(e)INS(i);INS(i);DEL(e);N,ACC,SG
truļākais;truļākās;truļākDEL(ai)INS(ā)s;INS(ā);DEL(ai);ADJ,NOM,PL,FEM
lietaināks;lietaināku;lietainākDEL(s)INS(u);INS(u);DEL(s);ADJ,NOM,SG,FEM
līķis;līķi;līķiDEL(s);;DEL(s);N,INST,SG
melnais;melno;melnDEL(ais)INS(o);INS(o);DEL(ais);ADJ,NOM,SG,MASC
taizemiskais;taizemisko;taizemiskDEL(ais)INS(o);INS(o);DEL(ais);ADJ,ACC,PL,FEM
japāniskākais;japāniskākajā;japāniskākaDEL(is)INS(jā);INS(jā);DEL(is);ADJ,INST,SG,FEM
atstāstīt;atstāstot;atstāstDEL(ī)INS(o)t;INS(o);DEL(ī);V,LGSPEC1,PRS
vislipnākais;vislipnākajās;vislipnākaDEL(i)INS(jā)s;INS(jā);DEL(i);ADJ,INST,PL,FEM
azerbaidžāniskāks;azerbaidžāniskākos;azerbaidžāniskākINS(o)s;INS(o);;ADJ,INST,PL,MASC
indēt;esot jāindē;INS(e)INS(s)INS(o)INS(t)INS( )INS(j)INS(ā)indēDEL(t);INS(e),INS(s),INS(o),INS(t),INS( ),INS(j),INS(ā);DEL(t);V,LGSPEC2,LGSPEC7
skanēt;skanēt;skanēt;;;V,NFIN
ticamākais;ticamāko;ticamākDEL(ais)INS(o);INS(o);DEL(ais);ADJ,NOM,SG,FEM
visutainākais;visutainākajās;visutainākaDEL(i)INS(jā)s;INS(jā);DEL(i);ADJ,INST,PL,FEM
nevainot;nevainojām;nevainoDEL(t)INS(jām);INS(jām);DEL(t);V,1,PL,PST,IND
visspulgākais;visspulgāko;visspulgākDEL(ais)INS(o);INS(o);DEL(ais);ADJ,ACC,PL,FEM
franciskais;francisko;franciskDEL(ais)INS(o);INS(o);DEL(ais);ADJ,ACC,PL,MASC
ticamākais;ticamākajām;ticamākaDEL(is)INS(jām);INS(jām);DEL(is);ADJ,GEN,PL,FEM
skandināviskākais;skandināviskākajiem;skandināviskākaINS(j)iDEL(s)INS(em);INS(j),INS(em);DEL(s);ADJ,GEN,PL,MASC
vistīrākais;vistīrākie;vistīrākDEL(a)iDEL(s)INS(e);INS(e);DEL(a),DEL(s);ADJ,LOC,PL,MASC
uzbekiskāks;uzbekiskākiem;uzbekiskākDEL(s)INS(iem);INS(iem);DEL(s);ADJ,DAT,PL,MASC
visireālākais;visireālākajiem;visireālākaINS(j)iDEL(s)INS(em);INS(j),INS(em);DEL(s);ADJ,DAT,PL,MASC
labāks;labākas;labākINS(a)s;INS(a);;ADJ,NOM,PL,FEM
māsa;māsas;māsaINS(s);INS(s);;N,GEN,SG
vainīgums;vainīgumā;vainīgumDEL(s)INS(ā);INS(ā);DEL(s);N,LOC,SG
visūdeņainākais;visūdeņaināko;visūdeņainākDEL(ais)INS(o);INS(o);DEL(ais);ADJ,ACC,PL,FEM
zvīņains;zvīņaina;zvīņainDEL(s)INS(a);INS(a);DEL(s);ADJ,ACC,SG,MASC
vilks;vilku;vilkDEL(s)INS(u);INS(u);DEL(s);N,GEN,PL
sīriskais;sīriskajās;sīriskaDEL(i)INS(jā)s;INS(jā);DEL(i);ADJ,INST,PL,FEM
rakstnieks;rakstnieku;rakstniekDEL(s)INS(u);INS(u);DEL(s);N,INST,SG
psihisks;psihiskām;psihiskDEL(s)INS(ām);INS(ām);DEL(s);ADJ,DAT,PL,FEM
spilgtums;spilgtumā;spilgtumDEL(s)INS(ā);INS(ā);DEL(s);N,LOC,SG
nepalīdzēt;nepalīdzēsit;nepalīdzēINS(s)INS(i)t;INS(s),INS(i);;V,2,PL,FUT,IND
muļķīgāks;muļķīgāku;muļķīgākDEL(s)INS(u);INS(u);DEL(s);ADJ,ACC,PL,MASC
pārart;lai pārar;INS(l)INS(a)INS(i)INS( )pārarDEL(t);INS(l),INS(a),INS(i),INS( );DEL(t);V,3,SG,IMP
vabals;vabals;vabals;;;N,NOM,SG
kustonis;kustoņos;kustINS(o)INS(ņ)oDEL(n)DEL(i)s;INS(o),INS(ņ);DEL(n),DEL(i);N,LOC,PL
īss;īsu;īDEL(s)sINS(u);INS(u);DEL(s);ADJ,ACC,PL,FEM
kross;krosu;kroDEL(s)sINS(u);INS(u);DEL(s);N,INST,SG
uzvara;uzvaras;uzvaraINS(s);INS(s);;N,GEN,SG
necaurredzamāks;necaurredzamākām;necaurredzamākDEL(s)INS(ām);INS(ām);DEL(s);ADJ,GEN,PL,FEM
īpašākais;īpašāko;īpašākDEL(ais)INS(o);INS(o);DEL(ais);ADJ,ACC,PL,MASC
bloķēt;esot jābloķē;INS(e)INS(s)INS(o)INS(t)INS( )INS(j)INS(ā)bloķēDEL(t);INS(e),INS(s),INS(o),INS(t),INS( ),INS(j),INS(ā);DEL(t);V,LGSPEC2,LGSPEC7
kustīgums;kustīgum;kustīgumDEL(s);;DEL(s);N,VOC,SG
tautiskāks;tautiskākiem;tautiskākDEL(s)INS(iem);INS(iem);DEL(s);ADJ,GEN,PL,MASC
tajs;taju;tajDEL(s)INS(u);INS(u);DEL(s);N,GEN,PL
apātiskākais;apātiskākās;apātiskākDEL(ai)INS(ā)s;INS(ā);DEL(ai);ADJ,LOC,PL,FEM
niknāks;niknāku;niknākDEL(s)INS(u);INS(u);DEL(s);ADJ,DAT,SG,MASC
sirde;sirdes;sirdeINS(s);INS(s);;N,VOC,PL
anglis;angļiem;angDEL(l)DEL(is)INS(ļ)INS(i)INS(e)INS(m);INS(ļ),INS(i),INS(e),INS(m);DEL(l),DEL(is);N,INST,PL
nesmaidīt;nesmaidījām;nesmaidīDEL(t)INS(jām);INS(jām);DEL(t);V,1,PL,PST,IND
kosmiskais;kosmisko;kosmiskDEL(ais)INS(o);INS(o);DEL(ais);ADJ,NOM,SG,MASC
realizēt;realizējams;realizēDEL(t)INS(j)INS(a)INS(m)INS(s);INS(j),INS(a),INS(m),INS(s);DEL(t);V,V.PTCP,PRS,PASS
drosākais;drosākais;drosākais;;;ADJ,LOC,SG,MASC
visirākiskākais;visirākiskākā;visirākiskākDEL(ais)INS(ā);INS(ā);DEL(ais);ADJ,LOC,SG,FEM
cepties;cepoties;cepINS(o)ties;INS(o);;V,V.PTCP,PRS,LGSPEC5
visreliģiskākais;visreliģiskākajos;visreliģiskākaDEL(i)INS(jo)s;INS(jo);DEL(i);ADJ,INST,PL,MASC
baltmaize;baltmaize;baltmaize;;;N,VOC,SG
moldāvisks;moldāviska;moldāviskDEL(s)INS(a);INS(a);DEL(s);ADJ,ACC,SG,MASC
art;esot jāar;INS(e)INS(s)INS(o)INS(t)INS( )INS(j)INS(ā)arDEL(t);INS(e),INS(s),INS(o),INS(t),INS( ),INS(j),INS(ā);DEL(t);V,LGSPEC2,LGSPEC7
gigantiskāks;gigantiskākām;gigantiskākDEL(s)INS(ām);INS(ām);DEL(s);ADJ,GEN,PL,FEM
nepacepties;nepacepas;nepacepDEL(t)DEL(i)DEL(e)INS(a)s;INS(a);DEL(t),DEL(i),DEL(e);V,3,SG,PRS,IND
lūsis;lūšiem;lūDEL(s)DEL(is)INS(š)INS(iem);INS(š),INS(iem);DEL(s),DEL(is);N,DAT,PL
visskaļākais;visskaļākajai;visskaļākINS(a)INS(j)aiDEL(s);INS(a),INS(j);DEL(s);ADJ,GEN,SG,FEM
sabulis;sabulim;sabuliDEL(s)INS(m);INS(m);DEL(s);N,DAT,SG
necelt;neceļat;neceDEL(l)INS(ļ)INS(a)t;INS(ļ),INS(a);DEL(l);V,2,PL,PRS,IND
visšaurākais;visšaurākajos;visšaurākaDEL(i)INS(jo)s;INS(jo);DEL(i);ADJ,INST,PL,MASC
lieliskāks;lieliskākus;lieliskākINS(u)s;INS(u);;ADJ,NOM,PL,MASC
sekunde;sekundi;sekundDEL(e)INS(i);INS(i);DEL(e);N,INST,SG
vējaināks;vējainākās;vējainākINS(ā)s;INS(ā);;ADJ,INST,PL,FEM
neīgt;neīgsi;neīgDEL(t)INS(s)INS(i);INS(s),INS(i);DEL(t);V,2,SG,FUT,IND
azerbaidžānis;azerbaidžānis;azerbaidžānis;;;N,NOM,SG
eksistenciālistiskākais;eksistenciālistiskākās;eksistenciālistiskākDEL(ai)INS(ā)s;INS(ā);DEL(ai);ADJ,ACC,SG,FEM
beigt;beidz;beiDEL(g)DEL(t)INS(d)INS(z);INS(d),INS(z);DEL(g),DEL(t);V,3,SG,PRS,IND
pakistāniete;pakistānietes;pakistānieteINS(s);INS(s);;N,GEN,SG
slimība;slimības;slimībaINS(s);INS(s);;N,VOC,PL
visamerikāniskākais;visamerikāniskākās;visamerikāniskākDEL(ai)INS(ā)s;INS(ā);DEL(ai);ADJ,LOC,PL,FEM
viseksistenciālistiskākais;viseksistenciālistiskākajos;viseksistenciālistiskākaDEL(i)INS(jo)s;INS(jo);DEL(i);ADJ,INST,PL,MASC
korejiešu valoda;korejiešu valoda;korejiešu valoda;;;N,VOC,SG
taisnība;taisnībā;taisnībDEL(a)INS(ā);INS(ā);DEL(a);N,LOC,SG
gudrāks;gudrākās;gudrākINS(ā)s;INS(ā);;ADJ,INST,PL,FEM
mezglainākais;mezglainākajām;mezglainākaDEL(is)INS(jām);INS(jām);DEL(is);ADJ,DAT,PL,FEM
korejiete;korejietes;korejieteINS(s);INS(s);;N,VOC,PL
atart;atart;atart;;;V,NFIN
sēklinieks;sēkliniekiem;sēkliniekDEL(s)INS(iem);INS(iem);DEL(s);N,DAT,PL
spējīgais;spējīgo;spējīgDEL(ais)INS(o);INS(o);DEL(ais);ADJ,ACC,PL,MASC
sastāvs;sastāvā;sastāvDEL(s)INS(ā);INS(ā);DEL(s);N,LOC,SG
visīslandiskākais;visīslandiskākajiem;visīslandiskākaINS(j)iDEL(s)INS(em);INS(j),INS(em);DEL(s);ADJ,DAT,PL,MASC
visvājredzīgākais;visvājredzīgākās;visvājredzīgākDEL(ai)INS(ā)s;INS(ā);DEL(ai);ADJ,LOC,PL,FEM
krūms;krūmiem;krūINS(m)INS(ie)mDEL(s);INS(m),INS(ie);DEL(s);N,INST,PL
korejisks;korejiskas;korejiskINS(a)s;INS(a);;ADJ,ACC,SG,FEM
sirpis;sirpjiem;sirpINS(j)iDEL(s)INS(em);INS(j),INS(em);DEL(s);N,INST,PL
mobilais;mobilā;mobilDEL(ais)INS(ā);INS(ā);DEL(ais);ADJ,ACC,SG,MASC
minēt;minēji;minēDEL(t)INS(j)INS(i);INS(j),INS(i);DEL(t);V,2,SG,PST,IND
izcept;izcepis;izcepDEL(t)INS(i)INS(s);INS(i),INS(s);DEL(t);V,V.PTCP,PST,ACT
riktīgs;riktīgiem;riktīgDEL(s)INS(iem);INS(iem);DEL(s);ADJ,GEN,PL,MASC
lieliskāks;lieliskākos;lieliskākINS(o)s;INS(o);;ADJ,INST,PL,MASC
visturīgākais;visturīgāko;visturīgākDEL(ais)INS(o);INS(o);DEL(ais);ADJ,DAT,SG,FEM
visvienīgākais;visvienīgāko;visvienīgākDEL(ais)INS(o);INS(o);DEL(ais);ADJ,ACC,PL,FEM
kļūdainākais;kļūdainākajām;kļūdainākaDEL(is)INS(jām);INS(jām);DEL(is);ADJ,DAT,PL,FEM
peldēt;peldēsi;peldēDEL(t)INS(s)INS(i);INS(s),INS(i);DEL(t);V,2,SG,FUT,IND
klasifikācija;klasifikāciju;klasifikācijDEL(a)INS(u);INS(u);DEL(a);N,GEN,PL
ēdienkarte;ēdienkartē;ēdienkartDEL(e)INS(ē);INS(ē);DEL(e);N,LOC,SG
stabiņš;stabiņos;stabiņDEL(š)INS(o)INS(s);INS(o),INS(s);DEL(š);N,LOC,PL
kārpa;kārpām;kārpDEL(a)INS(ām);INS(ām);DEL(a);N,INST,PL
ģeofiziķe;ģeofiziķei;ģeofiziķeINS(i);INS(i);;N,DAT,SG
kosmiskāks;kosmiskākos;kosmiskākINS(o)s;INS(o);;ADJ,INST,PL,MASC
zvīna;zvīnu;zvīnDEL(a)INS(u);INS(u);DEL(a);N,ACC,SG
žvankstēt;žvankstēsim;žvankstēDEL(t)INS(s)INS(im);INS(s),INS(im);DEL(t);V,1,PL,FUT,IND
neintonēt;neintonēja;neintonēDEL(t)INS(j)INS(a);INS(j),INS(a);DEL(t);V,3,SG,PST,IND
volejbols;volejbol;volejbolDEL(s);;DEL(s);N,VOC,SG
lesbiete;lesbieti;lesbietDEL(e)INS(i);INS(i);DEL(e);N,INST,SG
neatcept;neatcepām;neatcepDEL(t)INS(ām);INS(ām);DEL(t);V,1,PL,PST,IND
līķis;līķi;līķiDEL(s);;DEL(s);N,ACC,SG
kucēns;kucēns;kucēns;;;N,NOM,SG
vistautiskākais;vistautiskākā;vistautiskākDEL(ais)INS(ā);INS(ā);DEL(ais);ADJ,ACC,SG,MASC
dzīvošana;dzīvošanu;dzīvošanDEL(a)INS(u);INS(u);DEL(a);N,ACC,SG
dzirdīgāks;dzirdīgākā;dzirdīgākDEL(s)INS(ā);INS(ā);DEL(s);ADJ,INST,SG,FEM
vissaldākais;vissaldāko;vissaldākDEL(ais)INS(o);INS(o);DEL(ais);ADJ,ACC,PL,FEM
mukla;muklas;muklaINS(s);INS(s);;N,ACC,PL
neaizart;neaizaršana;neaizarDEL(t)INS(š)INS(a)INS(n)INS(a);INS(š),INS(a),INS(n),INS(a);DEL(t);V,V.MSDR
velt;vēlām;vDEL(e)DEL(l)DEL(t)INS(ē)INS(l)INS(ā)INS(m);INS(ē),INS(l),INS(ā),INS(m);DEL(e),DEL(l),DEL(t);V,1,PL,PST,IND
papīrs;papīru;papīrDEL(s)INS(u);INS(u);DEL(s);N,GEN,PL
vakardiena;vakardienām;vakardienDEL(a)INS(ām);INS(ām);DEL(a);N,DAT,PL
filozofe;filozofēm;filozofDEL(e)INS(ē)INS(m);INS(ē),INS(m);DEL(e);N,DAT,PL
visjēlākais;visjēlākajiem;visjēlākaINS(j)iDEL(s)INS(em);INS(j),INS(em);DEL(s);ADJ,GEN,PL,MASC
nabagāks;nabagāku;nabagākDEL(s)INS(u);INS(u);DEL(s);ADJ,NOM,SG,MASC
nemežģīt;nemežģīju;nemežģīDEL(t)INS(j)INS(u);INS(j),INS(u);DEL(t);V,1,SG,PRS,IND
rauduve;rauduves;rauduveINS(s);INS(s);;N,ACC,PL
mazturīgais;mazturīgajos;mazturīgaDEL(i)INS(jo)s;INS(jo);DEL(i);ADJ,INST,PL,MASC
vismezglainākais;vismezglaināko;vismezglainākDEL(ais)INS(o);INS(o);DEL(ais);ADJ,DAT,SG,MASC
maksāt;maksāšu;maksāDEL(t)INS(š)INS(u);INS(š),INS(u);DEL(t);V,1,SG,FUT,IND
tīrītava;tīrītavai;tīrītavaINS(i);INS(i);;N,DAT,SG
vēdeklis;vēdekļos;vēdekDEL(l)DEL(i)INS(ļ)INS(o)s;INS(ļ),INS(o);DEL(l),DEL(i);N,LOC,PL
neslēpt;neslēpi;neslēpDEL(t)INS(i);INS(i);DEL(t);V,2,SG,PST,IND
nebēdnis;nebēdņiem;nebēdDEL(n)DEL(i)DEL(s)INS(ņ)INS(i)INS(e)INS(m);INS(ņ),INS(i),INS(e),INS(m);DEL(n),DEL(i),DEL(s);N,INST,PL
visskaitliskākais;visskaitliskākā;visskaitliskākDEL(ais)INS(ā);INS(ā);DEL(ais);ADJ,LOC,SG,FEM
bagātais;bagātajām;bagātaDEL(is)INS(jām);INS(jām);DEL(is);ADJ,DAT,PL,FEM
bālā mušmire;bālās mušmires;bālāINS(s) mušmireINS(s);INS(s),INS(s);;N,NOM,PL
seksuāls;seksuālas;seksuālINS(a)s;INS(a);;ADJ,ACC,SG,FEM
dzīvespriecīgākais;dzīvespriecīgāko;dzīvespriecīgākDEL(ais)INS(o);INS(o);DEL(ais);ADJ,DAT,SG,MASC
neuzdoties;neuzdosies;neuzdoDEL(t)INS(s)ies;INS(s);DEL(t);V,3,PL,FUT,IND
internacionālists;internacionālista;internacionālistDEL(s)INS(a);INS(a);DEL(s);N,GEN,SG
visrupākais;visrupākajā;visrupākaDEL(is)INS(jā);INS(jā);DEL(is);ADJ,INST,SG,MASC
miesīgāks;miesīgāku;miesīgākDEL(s)INS(u);INS(u);DEL(s);ADJ,NOM,SG,MASC
mehānisms;mehānismu;mehānismDEL(s)INS(u);INS(u);DEL(s);N,GEN,PL
zvirbulis;zvirbulis;zvirbulis;;;N,NOM,SG
īgns;īgnu;īgnDEL(s)INS(u);INS(u);DEL(s);ADJ,DAT,SG,MASC
producēšana;producēšanu;producēšanDEL(a)INS(u);INS(u);DEL(a);N,ACC,SG
nācija;nācijā;nācijDEL(a)INS(ā);INS(ā);DEL(a);N,LOC,SG
netaustīt;netausti;netausDEL(t)DEL(ī)tINS(i);INS(i);DEL(t),DEL(ī);V,2,SG,PRS,IND
aborts;abortu;abortDEL(s)INS(u);INS(u);DEL(s);N,GEN,PL
melošana;melošanā;melošanDEL(a)INS(ā);INS(ā);DEL(a);N,LOC,SG
naksnīgākais;naksnīgāko;naksnīgākDEL(ais)INS(o);INS(o);DEL(ais);ADJ,DAT,SG,MASC
stādīšana;stādīšanu;stādīšanDEL(a)INS(u);INS(u);DEL(a);N,INST,SG
slepkavot;slepkavojāt;slepkavoINS(jā)t;INS(jā);;V,2,PL,PST,IND
pārtulkojums;pārtulkojum;pārtulkojumDEL(s);;DEL(s);N,VOC,SG
cilvēks;cilvēkos;cilvēkINS(o)s;INS(o);;N,LOC,PL
visplatākais;visplatākajos;visplatākaDEL(i)INS(jo)s;INS(jo);DEL(i);ADJ,INST,PL,MASC
pirkstiņš;pirkstiņš;pirkstiņš;;;N,NOM,SG
sēdēt;esot sēdējis;INS(e)INS(s)INS(o)INS(t)INS( )sēdēDEL(t)INS(j)INS(is);INS(e),INS(s),INS(o),INS(t),INS( ),INS(j),INS(is);DEL(t);V,LGSPEC1,PST
ķeltiskais;ķeltisko;ķeltiskDEL(ais)INS(o);INS(o);DEL(ais);ADJ,ACC,PL,FEM
visdzeltainākais;visdzeltainākajā;visdzeltainākaDEL(is)INS(jā);INS(jā);DEL(is);ADJ,INST,SG,MASC
šķērst;šķērdīsi;šķērINS(d)INS(ī)sDEL(t)INS(i);INS(d),INS(ī),INS(i);DEL(t);V,2,SG,FUT,IND
pīt;pītu;pītINS(u);INS(u);;V,COND,PRS
velniņš;velniņus;velniņDEL(š)INS(u)INS(s);INS(u),INS(s);DEL(š);N,ACC,PL
klausīt;klausāms;klauINS(s)INS(ā)INS(m)sDEL(ī)DEL(t);INS(s),INS(ā),INS(m);DEL(ī),DEL(t);V,V.PTCP,PRS,PASS
netīrīgāks;netīrīgākiem;netīrīgākDEL(s)INS(iem);INS(iem);DEL(s);ADJ,GEN,PL,MASC
dievišķīgais;dievišķīgās;dievišķīgDEL(ai)INS(ā)s;INS(ā);DEL(ai);ADJ,ACC,SG,FEM
brūnganākais;brūnganāko;brūnganākDEL(ais)INS(o);INS(o);DEL(ais);ADJ,DAT,SG,FEM
visintīmākais;visintīmākajām;visintīmākaDEL(is)INS(jām);INS(jām);DEL(is);ADJ,DAT,PL,FEM
precīzāks;precīzākas;precīzākINS(a)s;INS(a);;ADJ,NOM,PL,FEM
lavis;lavjiem;lavINS(j)iDEL(s)INS(em);INS(j),INS(em);DEL(s);N,INST,PL
visredzīgākais;visredzīgāko;visredzīgākDEL(ais)INS(o);INS(o);DEL(ais);ADJ,ACC,PL,FEM
darīt;darīdams;darīDEL(t)INS(d)INS(a)INS(m)INS(s);INS(d),INS(a),INS(m),INS(s);DEL(t);V,V.PTCP,PRS,LGSPEC4
aizmāršīgākais;aizmāršīgākajām;aizmāršīgākaDEL(is)INS(jām);INS(jām);DEL(is);ADJ,GEN,PL,FEM
peldēt;peldi;peldDEL(ē)DEL(t)INS(i);INS(i);DEL(ē),DEL(t);V,2,SG,IMP
paliekt;paliecu;palieDEL(k)DEL(t)INS(c)INS(u);INS(c),INS(u);DEL(k),DEL(t);V,1,SG,PST,IND
slidenais;slidenā;slidenDEL(ais)INS(ā);INS(ā);DEL(ais);ADJ,ACC,SG,MASC
tumšmatainais;tumšmatainajiem;tumšmatainaINS(j)iDEL(s)INS(em);INS(j),INS(em);DEL(s);ADJ,DAT,PL,MASC
pornogrāfiskākais;pornogrāfiskākajām;pornogrāfiskākaDEL(is)INS(jām);INS(jām);DEL(is);ADJ,DAT,PL,FEM
biezums;biezum;biezumDEL(s);;DEL(s);N,VOC,SG
mazums;mazumam;mazuINS(m)INS(a)mDEL(s);INS(m),INS(a);DEL(s);N,DAT,SG
visīgnākais;visīgnākās;visīgnākDEL(ai)INS(ā)s;INS(ā);DEL(ai);ADJ,ACC,SG,FEM
kost;kodīs;koINS(d)INS(ī)sDEL(t);INS(d),INS(ī);DEL(t);V,3,SG,FUT,IND
pelēcīgāks;pelēcīgāku;pelēcīgākDEL(s)INS(u);INS(u);DEL(s);ADJ,NOM,SG,FEM
nepiederēt;nepiederējām;nepiederēDEL(t)INS(jām);INS(jām);DEL(t);V,1,PL,PST,IND
lielpilsēta;lielpilsētas;lielpilsētaINS(s);INS(s);;N,VOC,PL
nemezglot;nemezglots;nemezglotINS(s);INS(s);;V,V.PTCP,PST,PASS
šlipse;šlipsēm;šlipsDEL(e)INS(ē)INS(m);INS(ē),INS(m);DEL(e);N,INST,PL
pisējiņa;pisējiņas;pisējiņaINS(s);INS(s);;N,GEN,SG
lielība;lielībā;lielībDEL(a)INS(ā);INS(ā);DEL(a);N,LOC,SG
visaziātiskākais;visaziātiskākajai;visaziātiskākINS(a)INS(j)aiDEL(s);INS(a),INS(j);DEL(s);ADJ,GEN,SG,FEM
rudens mēnesis;rudens mēneša;rudens mēneDEL(s)DEL(is)INS(š)INS(a);INS(š),INS(a);DEL(s),DEL(is);N,GEN,SG
vājredzīgāks;vājredzīgāku;vājredzīgākDEL(s)INS(u);INS(u);DEL(s);ADJ,NOM,SG,FEM
čaklums;čaklumu;čaklumDEL(s)INS(u);INS(u);DEL(s);N,ACC,SG
visvalganākais;visvalganākās;visvalganākDEL(ai)INS(ā)s;INS(ā);DEL(ai);ADJ,NOM,PL,FEM
visblāvākais;visblāvākajā;visblāvākaDEL(is)INS(jā);INS(jā);DEL(is);ADJ,INST,SG,MASC
visslaidākais;visslaidākās;visslaidākDEL(ai)INS(ā)s;INS(ā);DEL(ai);ADJ,NOM,PL,FEM
imperiālistiskākais;imperiālistiskākajam;imperiālistiskākaDEL(is)INS(j)INS(am);INS(j),INS(am);DEL(is);ADJ,GEN,SG,MASC
ķets;ķetu;ķetDEL(s)INS(u);INS(u);DEL(s);N,ACC,SG
ķīnisks;ķīniskā;ķīniskDEL(s)INS(ā);INS(ā);DEL(s);ADJ,INST,SG,FEM
cīpslene;cīpslene;cīpslene;;;N,NOM,SG
apmainīt;apmainīju;apmainīDEL(t)INS(j)INS(u);INS(j),INS(u);DEL(t);V,1,SG,PST,IND
pelēkais strazds;pelēkā strazda;pelēkDEL(ais)INS(ā) strazdDEL(s)INS(a);INS(ā),INS(a);DEL(ais),DEL(s);N,GEN,SG
kosoviskais;kosoviskais;kosoviskais;;;ADJ,LOC,SG,MASC
negludais;negludo;negludDEL(ais)INS(o);INS(o);DEL(ais);ADJ,DAT,SG,MASC
saules vējš;saules vēji;saules vējDEL(š)INS(i);INS(i);DEL(š);N,VOC,PL
seksuālāks;seksuālākām;seksuālākDEL(s)INS(ām);INS(ām);DEL(s);ADJ,DAT,PL,FEM
nestrādāt;nestrādāšu;nestrādāDEL(t)INS(š)INS(u);INS(š),INS(u);DEL(t);V,1,SG,FUT,IND
nedalīt;nedalot;nedalDEL(ī)INS(o)t;INS(o);DEL(ī);V,LGSPEC1,PRS
visimperiālistiskākais;visimperiālistiskākajās;visimperiālistiskākaDEL(i)INS(jā)s;INS(jā);DEL(i);ADJ,INST,PL,FEM
neatvainot;nebūt jāatvaino;neINS(b)INS(ū)INS(t)INS( )INS(j)INS(ā)atvainoDEL(t);INS(b),INS(ū),INS(t),INS( ),INS(j),INS(ā);DEL(t);V,LGSPEC2,IND
afrikāniskākais;afrikāniskākajās;afrikāniskākaDEL(i)INS(jā)s;INS(jā);DEL(i);ADJ,INST,PL,FEM
visvelsiskākais;visvelsiskākajos;visvelsiskākaDEL(i)INS(jo)s;INS(jo);DEL(i);ADJ,INST,PL,MASC
sociālais;sociālajām;sociālaDEL(is)INS(jām);INS(jām);DEL(is);ADJ,GEN,PL,FEM
uzcītīgais;uzcītīgās;uzcītīgDEL(ai)INS(ā)s;INS(ā);DEL(ai);ADJ,ACC,SG,FEM
tirgošana;tirgošanu;tirgošanDEL(a)INS(u);INS(u);DEL(a);N,ACC,SG
mēļākais;mēļākajiem;mēļākaINS(j)iDEL(s)INS(em);INS(j),INS(em);DEL(s);ADJ,DAT,PL,MASC
vispoliskākais;vispoliskāko;vispoliskākDEL(ais)INS(o);INS(o);DEL(ais);ADJ,NOM,SG,FEM
nekurt;nekur;nekurDEL(t);;DEL(t);V,3,SG,PRS,IND
bailes;bailes;bailes;;;N,NOM,PL
laizīt;laizīsim;laizīDEL(t)INS(s)INS(im);INS(s),INS(im);DEL(t);V,1,PL,IMP
sacīt;sakot;saDEL(c)DEL(ī)INS(k)INS(o)t;INS(k),INS(o);DEL(c),DEL(ī);V,V.PTCP,PRS,LGSPEC5
svarīgs;svarīgu;svarīgDEL(s)INS(u);INS(u);DEL(s);ADJ,NOM,SG,FEM
angliskāks;angliskākai;angliskākDEL(s)INS(a)INS(i);INS(a),INS(i);DEL(s);ADJ,GEN,SG,FEM
foršākais;foršākajā;foršākaDEL(is)INS(jā);INS(jā);DEL(is);ADJ,INST,SG,FEM
rudenīgs;rudenīgu;rudenīgDEL(s)INS(u);INS(u);DEL(s);ADJ,ACC,PL,FEM
turpināt;turpiniet;turpinDEL(ā)INS(i)INS(e)t;INS(i),INS(e);DEL(ā);V,2,PL,IMP
prostituēt;neprostituēt;INS(n)INS(e)prostituēt;INS(n),INS(e);;V,NFIN,NEG
neražot;neražošot;neražINS(o)INS(š)ot;INS(o),INS(š);;V,LGSPEC1,FUT
spriest;jāspriežot;INS(jā)sprieDEL(s)INS(ž)INS(o)t;INS(jā),INS(ž),INS(o);DEL(s);V,LGSPEC2,LgSPEC8
retais;retajām;retaDEL(is)INS(jām);INS(jām);DEL(is);ADJ,GEN,PL,FEM
ērkšķainākais;ērkšķainākajām;ērkšķainākaDEL(is)INS(jām);INS(jām);DEL(is);ADJ,DAT,PL,FEM
nedzirdēt;nedzird;nedzirdDEL(ē)DEL(t);;DEL(ē),DEL(t);V,3,SG,PRS,IND
klausītājs;klausītāj;klausītājDEL(s);;DEL(s);N,VOC,SG
gars;garu;garDEL(s)INS(u);INS(u);DEL(s);N,GEN,PL
uzdot;esot uzdevis;INS(e)INS(s)INS(o)INS(t)INS( )uzdDEL(o)DEL(t)INS(e)INS(v)INS(i)INS(s);INS(e),INS(s),INS(o),INS(t),INS( ),INS(e),INS(v),INS(i),INS(s);DEL(o),DEL(t);V,LGSPEC1,PST
vislikumīgākais;vislikumīgākajās;vislikumīgākaDEL(i)INS(jā)s;INS(jā);DEL(i);ADJ,INST,PL,FEM
palīdzēt;palīdzējām;palīdzēDEL(t)INS(jām);INS(jām);DEL(t);V,1,PL,PST,IND
nevienot;nevienots;nevienotINS(s);INS(s);;V,V.PTCP,PST,PASS
nepatulkot;nepatulkojat;nepatulkoINS(j)INS(a)t;INS(j),INS(a);;V,2,PL,PRS,IND
termospudele;termospudeles;termospudeleINS(s);INS(s);;N,GEN,SG
viskustīgākais;viskustīgākajos;viskustīgākaDEL(i)INS(jo)s;INS(jo);DEL(i);ADJ,INST,PL,MASC
pilēt;pilēšu;pilēDEL(t)INS(š)INS(u);INS(š),INS(u);DEL(t);V,1,SG,FUT,IND
iet;gāji;INS(g)INS(ā)INS(j)iDEL(e)DEL(t);INS(g),INS(ā),INS(j);DEL(e),DEL(t);V,2,SG,PST,IND
kanāls;kanāla;kanālDEL(s)INS(a);INS(a);DEL(s);N,GEN,SG
jēdzīgais;jēdzīgajās;jēdzīgaDEL(i)INS(jā)s;INS(jā);DEL(i);ADJ,INST,PL,FEM
šurks;šurk;šurkDEL(s);;DEL(s);N,VOC,SG
maķedoniskais;maķedonisko;maķedoniskDEL(ais)INS(o);INS(o);DEL(ais);ADJ,ACC,PL,MASC
likumīgākais;likumīgākajiem;likumīgākaINS(j)iDEL(s)INS(em);INS(j),INS(em);DEL(s);ADJ,GEN,PL,MASC
neprasīt;neprasi;neprasDEL(ī)DEL(t)INS(i);INS(i);DEL(ī),DEL(t);V,2,SG,PRS,IND
brūnganāks;brūnganāku;brūnganākDEL(s)INS(u);INS(u);DEL(s);ADJ,NOM,SG,MASC
ziepjainais;ziepjainajās;ziepjainaDEL(i)INS(jā)s;INS(jā);DEL(i);ADJ,INST,PL,FEM
bēbis;bēbji;bēbINS(j)iDEL(s);INS(j);DEL(s);N,NOM,PL
strauļākais;strauļākie;strauļākDEL(a)iDEL(s)INS(e);INS(e);DEL(a),DEL(s);ADJ,LOC,PL,MASC
trulais;trulajās;trulaDEL(i)INS(jā)s;INS(jā);DEL(i);ADJ,INST,PL,FEM
kartogrāfija;kartogrāfija;kartogrāfija;;;N,NOM,SG
igauniskais;igauniskajos;igauniskaDEL(i)INS(jo)s;INS(jo);DEL(i);ADJ,INST,PL,MASC
nogurt;noguršot;nogurINS(š)INS(o)t;INS(š),INS(o);;V,LGSPEC1,FUT
velnišķais;velnišķajam;velnišķaDEL(is)INS(j)INS(am);INS(j),INS(am);DEL(is);ADJ,GEN,SG,MASC
strādāt;strādāsim;strādāDEL(t)INS(s)INS(im);INS(s),INS(im);DEL(t);V,1,PL,IMP
dejot;dejos;dejoDEL(t)INS(s);INS(s);DEL(t);V,3,SG,FUT,IND
spirgts;spirgtus;spirgtINS(u)s;INS(u);;ADJ,NOM,PL,MASC
argāns;argānu;argānDEL(s)INS(u);INS(u);DEL(s);N,INST,SG
nedoties;nedosies;nedoDEL(t)INS(s)ies;INS(s);DEL(t);V,2,SG,FUT,IND
lieliskāks;lieliskāku;lieliskākDEL(s)INS(u);INS(u);DEL(s);ADJ,ACC,PL,MASC
viskomfortablākais;viskomfortablākās;viskomfortablākDEL(ai)INS(ā)s;INS(ā);DEL(ai);ADJ,ACC,SG,FEM
tārps;tārpam;tārpDEL(s)INS(a)INS(m);INS(a),INS(m);DEL(s);N,DAT,SG
vispolārākais;vispolārākajiem;vispolārākaINS(j)iDEL(s)INS(em);INS(j),INS(em);DEL(s);ADJ,GEN,PL,MASC
